source_id,ra,dec,dist_pc,phot_g_mean_mag,bp_rp,M_G,M_Ks,residual,resid_nsigma,W1,W2,W1_W2,w12_nsigma,ruwe,astrometric_excess_noise,phot_variable_flag,non_single_star,teff_gspphot
5946986063671469824,263.8059466621306,-48.67780401885913,9.689668497169027,11.613846,2.8484068,11.682301229060652,5.897455400050643,2.395042426538982,13.55619021812988,5.557,5.266,0.2910003662109375,0.3099020994870104,1.2927895,0.29780784,NOT_AVAILABLE,0,3004.7278
4468557611977674496,271.36591160903725,2.4941987580927343,5.105783367734121,5.5392184,1.4856548,6.9989065044255785,3.2506880872579145,2.2736602985938053,12.869154699563289,-0.181,0.168,-0.3489999920129776,-2.606811594579321,3.7063498,1.0237515,NOT_AVAILABLE,0,
2974726136265625088,75.61776596344842,-21.257639202011276,8.415739882032177,9.636776,1.8890948,10.011314452346909,4.974538386520492,2.130110146643652,12.056645850402804,4.568,3.861,0.7069997787475586,2.2057622621849196,1.7590977,0.38159385,NOT_AVAILABLE,0,
6792436799477051904,310.4647312153549,-32.437514921328194,9.806576045454502,9.605488,3.1264439,9.647900821310408,4.986412765127548,1.7453799395449607,9.879032705725812,4.747,3.989,0.7580001354217529,2.4381893800801344,2.2641666,0.501943,NOT_AVAILABLE,0,3111.949
6792436799475128960,310.464334034236,-32.437036784381455,9.921411824522,9.575837,3.0309772,9.592969750364833,4.961132382353358,1.7359380215272502,9.825590463845765,4.747,3.989,0.7580001354217529,2.4381893800801344,2.331419,0.5093103,NOT_AVAILABLE,0,
4594497838483177984,266.60269364370964,27.71382058642485,8.30579169185475,9.58592,2.6111593,9.989015159547822,5.356094894350069,1.467628981876782,8.306933283312393,3.771,3.82,-0.04900002479553223,-1.2396029651484686,9.111433,2.0674648,NOT_AVAILABLE,0,
3902874650601954816,188.3146767758809,9.021829208339808,4.474723930280812,11.240162,3.497839,12.986330663139324,7.788168584281903,1.361300122845666,7.705100838621433,5.835,5.489,0.34600019454956055,0.5605562599498927,13.949631,3.2352505,NOT_AVAILABLE,0,
3902874650602495232,188.3144928018531,9.022091624851694,4.326784785759761,11.235116,3.5342093,13.054289535284212,7.861173347234897,1.3422799869740771,7.597444883556564,5.835,5.489,0.34600019454956055,0.5605562599498927,6.116347,3.3460634,NOT_AVAILABLE,0,
4535928365908541440,280.2932736323553,24.789034718675914,9.944778626587548,12.936422,3.5547886,12.94844674773453,7.78602456755875,1.3260063993527158,7.5053346783752,8.125,7.902,0.22300004959106445,0.0,1.1926155,0.3423651,NOT_AVAILABLE,0,2899.0293
527956488339113600,8.142840068147475,67.23327824206002,9.960496385467764,11.106811,2.6195107,11.11540565872011,6.385594943998432,1.2254420190987751,6.936129785474495,5.679,5.365,0.31400012969970703,0.4147203613300929,1.541342,0.3403778,NOT_AVAILABLE,0,
4594497834189213184,266.60286144324283,27.713737369131668,8.341183682546886,9.184961,2.6012816,9.578822894125421,5.346861643820246,1.0718521714881444,6.06679521055756,3.771,3.82,-0.04900002479553223,-1.2396029651484686,4.305318,2.024508,NOT_AVAILABLE,0,
2824770686019004032,352.9716753030632,19.937313746866927,6.253577810127021,10.828941,3.174079,11.848298555596571,7.281357294305068,0.861528333737418,4.876340327436296,4.861,4.489,0.37200021743774414,0.6790477917584906,1.5881655,0.39968103,NOT_AVAILABLE,0,
5559035514779971456,104.4373295461301,-44.29139605439596,8.027644038558448,10.418207,2.6348133,10.895266634701938,6.53305969881937,0.8288512554050396,4.691384652021983,5.977,5.601,0.37600040435791016,0.6972780940059016,1.6439328,0.57818884,NOT_AVAILABLE,0,3179.6157
5559035514776717312,104.43647190771412,-44.291651313997995,8.041371599494592,10.381962,2.63978,10.85531116378789,6.529349573974658,0.7933339311350753,4.490352888030056,5.977,5.601,0.37600040435791016,0.6972780940059016,2.8755577,0.4646768,NOT_AVAILABLE,0,3179.4866
6794047652729201024,311.2911826481039,-31.3425000799281,9.714095582245003,7.8434396,2.1113243,7.9064277169272765,4.591987943367706,0.7562617067001165,4.280520226745747,4.449,4.008,0.44099998474121094,0.9935047504075672,0.92735684,0.09781371,NOT_AVAILABLE,0,
4468557611984384512,271.364453818457,2.495224095912567,5.113327846832172,3.987364,1.0036926,5.4438458592060375,3.2474818140629105,0.7212473054410484,4.082335059509367,-0.181,0.168,-0.3489999920129776,-2.606811594579321,3.2666097,1.1491657,NOT_AVAILABLE,0,5204.636
2886233695250041216,91.21742524933883,-34.558412822381825,8.665649085315847,11.112143,3.4003267,11.423137071174928,7.176994683784792,0.5685641956062426,3.2181327150827324,6.669,6.393,0.2760000228881836,0.24154009589909137,1.1759074,0.33052412,NOT_AVAILABLE,0,
4535928365908540416,280.2931336884971,24.787728362716255,9.931965611764257,10.725493,3.098195,10.740317395127567,6.630824139512333,0.556791735626609,3.151499362349247,6.504,6.283,0.22100019454956055,-0.00911406456379085,1.1585051,0.23853457,NOT_AVAILABLE,2,
823773494718931968,152.8329289582321,49.451988897100506,4.870569914298463,5.9611735,1.7223029,7.523274625493055,4.524100984288221,0.5105831017549285,2.8899536696536754,2.232,2.063,0.16900014877319336,-0.24609712818098678,0.94332755,0.137554,NOT_AVAILABLE,0,3978.864
2976507997939000064,77.14837445280509,-18.178273078582706,9.231444420010712,9.05489,2.7088056,9.22854138262218,5.487651833366809,0.5072194267398977,2.87091491784266,5.2,4.869,0.33099985122680664,0.49219425636197356,4.355474,0.8271038,NOT_AVAILABLE,0,
946632924007399936,107.50514340448903,38.52526941964586,6.052730195481905,9.934659,3.105956,11.024902427334053,6.936243617672188,0.47057760437888696,2.6635183772383293,5.667,5.339,0.3279995918273926,0.47852098639645807,1.1360852,0.4729503,NOT_AVAILABLE,0,
3136952686035250688,116.1658359308822,3.5504844454883244,5.988852474811047,9.692206,2.997038,10.805488307199028,6.811281878671196,0.40408168481950213,2.2871445292062837,5.566,5.197,0.3689999580383301,0.6653745217929751,1.3503697,0.27955645,NOT_AVAILABLE,0,3098.9648
2400808142038361088,339.6920274130413,-20.62148673061316,8.897911483722368,8.170376,2.2653556,8.423935418578981,5.053559785339235,0.40255333768692125,2.2784939248499594,4.636,4.032,0.6040000915527344,1.7363553403522523,2.9361658,0.5057055,NOT_AVAILABLE,3,3307.948
522864272041351296,15.839644585280979,62.36589259248621,9.864622012893701,11.927245,3.305438,11.95684289581406,7.747597690888523,0.38112766917573637,2.157222403865698,7.381,7.318,0.06300020217895508,-0.7291773199791696,1.0717231,0.4452735,VARIABLE,0,
470826482637310080,67.80919062832808,58.967979971547436,5.517428925853836,9.702565,2.8958826,10.993881456194753,7.008316270647878,0.3504515251988032,1.983592225835415,5.505,5.252,0.25300025939941406,0.1367218340560089,1.2182512,0.41426003,NOT_AVAILABLE,0,
5955305209191546112,264.26088738973226,-44.323382243038424,5.007651659668271,9.602153,2.9048986,11.103982269262087,7.107829391454469,0.33640875213761845,1.9041086640003353,5.373,5.117,0.2560000419616699,0.15039293090169517,1.0140452,0.21203886,NOT_AVAILABLE,0,3155.8037
6324325225803432320,218.56843175696892,-12.516923853592898,6.25302694251758,9.894982,2.9232502,10.914530838270128,6.958548630018174,0.332702787528941,1.8831325173483164,5.867,5.498,0.3689999580383301,0.6653745217929751,1.4434574,0.2759901,NOT_AVAILABLE,0,3000.055
5203276810942065536,139.28558758927346,-77.82674697465572,9.52076344678469,11.5566025,3.1512985,11.663243604050383,7.554641080246671,0.3284734958295239,1.8591942847182972,7.145,7.017,0.12799978256225586,-0.43295066357750384,1.4497317,0.3066719,NOT_AVAILABLE,0,
1355264565043431040,257.3834721191679,43.680105808986085,7.598806769672046,10.453175,2.8772593,11.04944758626057,7.08127312871052,0.31512659579003355,1.783649436847206,6.32,6.072,0.2480001449584961,0.11393449952670255,23.181572,4.8340755,NOT_AVAILABLE,0,
2603090003484152064,343.3241110018443,-14.266689393516607,4.672067819639273,8.875059,2.8092842,10.527513436008798,6.662454537083017,0.3059942991283524,1.7319596841721183,4.863,4.448,0.41499996185302734,0.8750132185989693,1.3398496,0.24331754,NOT_AVAILABLE,1,3185.4407
5700706729031126656,123.17043503163158,-21.55502398567159,8.116666068191877,10.67168,2.9472322,11.124792056395982,7.158111529662585,0.29402529362450736,1.6642138632488388,6.492,6.268,0.2239999771118164,0.004557032281895425,1.1012337,0.20594552,NOT_AVAILABLE,0,
3211461469444773376,75.2066176720424,-5.758598962923454,8.843964761225756,5.886492,1.2494874,6.153256758193071,3.9727650723257613,0.2849225565081115,1.612691420686594,3.743,3.418,0.3250000476837158,0.46485097611068643,0.9748489,0.14901909,NOT_AVAILABLE,0,4626.91
2974726131970829952,75.6178310374648,-21.257878326934936,8.363039970757724,7.7924075,1.9057045,8.180586650265397,4.98817904223317,0.27490258168815274,1.555977316946678,4.568,3.861,0.7069997787475586,2.2057622621849196,1.8184237,0.34862205,NOT_AVAILABLE,0,
6847167606385195648,303.82866493156223,-27.033780809464673,8.811567976359871,5.48135,1.0801368,5.756083965499518,3.7757339479519105,0.27411267488897284,1.5515063619833662,3.684,3.205,0.4790000915527344,1.1666850158385689,0.96346945,0.3169224,NOT_AVAILABLE,0,4978.235
2627117287488522240,332.4231515660494,-4.64083481515791,8.814865836983147,9.237196,2.5417328,9.511117435196716,5.867921329239685,0.2622452591884894,1.4843355499548485,5.57,5.183,0.38700008392333984,0.7474076222265804,1.353798,0.2147821,NOT_AVAILABLE,0,3229.764
4911306239828325760,24.950656623757837,-56.19640006625107,8.196488023769628,5.6254873,1.0941982,6.057348284322548,3.941860947210121,0.2514736739811001,1.4233672529409307,2.549,3.33,-0.7809998989105225,-4.575591811796964,1.2156,0.282785,NOT_AVAILABLE,0,4902.265
3864615459886222464,162.7129640681676,6.804489538122279,6.966744708517551,10.290781,2.8693,11.075631539073628,7.155850331035298,0.24771285380945507,1.4020806180746443,6.276,5.959,0.3169999122619629,0.42839145817577917,1.0026705,0.19234556,NOT_AVAILABLE,0,3000.7288
1810616448010879488,310.14718809392286,15.502590198203675,9.53116115333347,11.837387,3.1421013,11.941658021556034,7.853271009074344,0.23894010459977366,1.3524259415208575,7.499,7.362,0.13700008392333984,-0.39193302680078657,1.1224744,0.22961429,NOT_AVAILABLE,0,
5951165616611763456,259.7726543146931,-46.63575837613547,8.791104886960111,5.3014293,0.97412014,5.581211963362969,3.700782695479668,0.23658707213869778,1.3391075320938168,2.69,2.418,0.2720000743865967,0.22331088021159504,0.81725454,0.3914738,NOT_AVAILABLE,0,5182.5312
5243594081269535872,145.69216012443803,-68.87998537875298,6.50366972864417,11.133258,3.1541195,12.067465472555412,7.971207785940423,0.22985848820708554,1.3010230444601683,6.815,6.627,0.18800020217895508,-0.15950699546548602,1.0661858,0.26443163,NOT_AVAILABLE,0,3040.3696
1893189736896880640,330.306566078579,28.30710892040449,9.102927897031304,10.6348,2.873805,10.83889444346863,6.981094436602175,0.22919986319085517,1.2972951580964431,6.608,6.412,0.1959996223449707,-0.12305073721032263,1.1674854,0.18555415,NOT_AVAILABLE,0,
2824770686019003904,352.97012375450475,19.93699282660293,6.263176469198987,9.043998,2.6609464,10.060024522526936,6.34202697156258,0.22234323275026746,1.2584859138517197,4.861,4.489,0.37200021743774414,0.6790477917584906,1.3173962,0.23835064,NOT_AVAILABLE,0,
1412645602995521920,255.85040248888004,51.40906417008386,9.90811551200435,11.981026,3.1607075,12.001070390358926,7.941044698372843,0.19712742567836017,1.1157618128576463,7.937,7.509,0.42799997329711914,0.9342589845032683,1.2994939,0.23017272,NOT_AVAILABLE,0,3045.3743
6232511606838403968,224.37159427348143,-21.423140396261676,5.886360157633197,5.3640366,1.3236036,6.514802405383093,4.198765942599279,0.17839800188878652,1.0097513185323614,2.947,2.655,0.29200005531311035,0.31445804520899123,1.2978287,0.3995586,NOT_AVAILABLE,0,4503.0303
3269362645115584640,49.841600693178854,3.3706161908023495,9.276236542510446,4.6564903,0.8589401,4.819631253201681,3.1201409444400845,0.17474087832971819,0.9890516173209819,3.263,3.004,0.2590000629425049,0.16406511430729606,1.3376036,0.8171566,NOT_AVAILABLE,0,
1784473016438653056,322.40807988216517,17.64497780267456,6.779855103689163,9.108492,2.6544762,9.95238983557857,6.296898006660113,0.16902018080527448,0.9566718719927079,5.298,4.921,0.3769998550415039,0.7018329531679678,1.1444451,0.19008814,NOT_AVAILABLE,0,
625453654702751872,154.89881370110675,19.869809905451323,4.965085000459092,8.204091,2.564643,9.724457632785183,6.1133664958528104,0.16469289276611399,0.9321789698472255,4.268,3.458,0.8100001811981201,2.6751724436973308,1.1544943,0.1609177,NOT_AVAILABLE,0,3187.3616
5699418131466175488,123.79719661239764,-23.737393793190947,9.896990624838601,11.059386,2.77528,11.081870459010172,7.23748435824113,0.1507922224952445,0.8534997246433231,6.983,6.892,0.09099960327148438,-0.6015738967266099,1.3941109,0.2594513,NOT_AVAILABLE,0,3189.2764
3735000631158990976,191.98138882517026,9.749354230882224,8.07913428762614,10.105141,2.7543068,10.568316551871227,6.825175854391979,0.15000100136374073,0.8490213304218193,6.206,5.955,0.25099992752075195,0.12760559637238883,1.0942307,0.20402758,VARIABLE,0,3038.983
3085716990368639744,117.97896837066911,-0.006769120798188667,9.272241602779395,11.653467,3.1158705,11.817543481714743,7.825076078302879,0.1482314151384827,0.8390052876114019,7.39,7.248,0.1419997215270996,-0.3691478653913094,1.3989514,0.30401888,NOT_AVAILABLE,0,3074.9465
2879455480942629248,355.7815091563796,36.536310377293006,8.362644038437866,11.167953,3.010641,11.556234481827616,7.614281776444315,0.1461460038189486,0.8272016417897711,7.02,6.851,0.16900014877319336,-0.24609712818098678,1.1618363,0.48274124,NOT_AVAILABLE,0,
5138510181584617856,31.2762752397911,-17.615403066083893,9.319907480616278,9.17051,2.395567,9.32345228653721,5.814942173774758,0.14424039286018164,0.8164156847843546,5.563,5.266,0.2970004081726074,0.3372464662982122,15.138265,1.7917346,NOT_AVAILABLE,0,
2400808245117576704,339.69068815030255,-20.614689446269768,8.850602534192834,10.21215,2.719409,10.477285431331076,6.756135986750999,0.1427818257287683,0.8081600425208794,6.342,5.996,0.34600019454956055,0.5605562599498927,1.9434482,0.3465848,VARIABLE,0,3059.8752
6882963066420161664,313.1361327596479,-16.974558468206272,5.620149134079134,10.081701,2.9015598,11.332962078734194,7.450260681792057,0.13094136171327975,0.7411417798436557,6.079,5.766,0.3130002021789551,0.41016332904819747,1.0382286,0.21902096,NOT_AVAILABLE,0,3000.1555
1872046574983497216,316.753662752556,38.75607277205679,3.4964380683468383,5.4506445,1.7153406,7.732515292703403,4.82587070995499,0.12556455722084703,0.7107085049849539,0.972,1.069,-0.09700000286102295,-1.4583562697982109,0.9611461,0.2566724,NOT_AVAILABLE,0,3889.6328
6002807341299977216,233.0469274248337,-41.28017408697192,5.917282054313164,8.2741785,2.4276128,9.413567150267145,5.898388469847222,0.12510057431606114,0.7080823132960128,4.664,4.32,0.34399986267089844,0.5514400222662725,1.0352235,0.14503162,NOT_AVAILABLE,0,3211.7449
1934263333784036736,341.7028254522359,44.3319533233193,5.0515944358575045,9.005235,2.7301593,10.48809233723108,6.78185740528528,0.12242388229574885,0.6929319569680293,5.202,4.716,0.48600006103515625,1.198586414931666,1.104833,0.18515012,NOT_AVAILABLE,0,
5425628298649940608,144.94009578928657,-41.065969983608085,9.606540749321084,9.631405,2.5324478,9.718569730217975,6.143165086205523,0.12211224228870421,0.6911680419875412,5.95,5.692,0.25799989700317383,0.15950699546548602,1.0810505,0.16581023,NOT_AVAILABLE,0,3193.7021
922225002820369152,119.5542083173886,41.30064250416778,8.850130987314925,10.665649,2.7916021,10.930900921224737,7.143251289724492,0.11884071606255375,0.6726508619435182,6.708,6.476,0.23200035095214844,0.041017636776717284,1.2316712,0.17951176,NOT_AVAILABLE,0,
2828928008202069376,344.1402217312129,16.55216937227734,6.8670277620815305,7.795021,2.1508222,8.611177041291967,5.339155747651831,0.1162766491377667,0.6581379754162185,4.396,4.172,0.2239999771118164,0.004557032281895425,1.0549177,0.13268174,NOT_AVAILABLE,0,3398.1133
4330690742322011520,247.57481416249274,-12.66785108081103,4.307764238399739,8.801877,2.7315807,10.630617388915008,6.903740176390594,0.11625523556171835,0.6580167723398366,4.971,4.572,0.3990001678466797,0.802096355848984,1.1489384,0.17868292,NOT_AVAILABLE,0,
533621859441169920,15.659011875595588,71.67812049454075,8.233174791867143,8.941875,2.4585924,9.364038779444336,5.8711632034250485,0.110937860535131,0.6279198744632852,5.404,5.044,0.3599996566772461,0.6243568850162579,1.0015539,0.13793212,NOT_AVAILABLE,0,3272.1016
522863309964987520,15.668950820681058,62.345451222893885,9.859619205549434,8.671337,2.1754298,8.702036417138793,5.401699102533079,0.11019900086680678,0.6237378515908214,5.302,5.076,0.2259998321533203,0.013671096845686275,1.0359348,0.11391777,NOT_AVAILABLE,0,3594.5579
5951165616635298816,259.7685324639266,-46.63635961449501,8.827235238798764,7.987019,2.025042,8.257895560321732,5.1268764448737345,0.11001509728293613,0.6226969381033934,2.69,2.418,0.2720000743865967,0.22331088021159504,17.542185,3.348226,NOT_AVAILABLE,1,
3507879565090229888,199.596298132351,-18.31592210064546,8.534415098502675,4.5325284,0.898438,4.87665958874857,3.300131277972813,0.10666888540085395,0.6037570294483207,2.144,2.791,-0.6469998359680176,-3.964904937066478,1.1792638,0.817024,NOT_AVAILABLE,0,
3316364602541746048,90.01597644159976,2.7063740799024933,5.207968173719361,9.901327,2.8903284,11.317985525366796,7.458658209082616,0.10525985921363379,0.5957817941019117,6.014,5.629,0.38499975204467773,0.7382913845429604,1.0857981,0.18574862,NOT_AVAILABLE,0,3138.287
102162639019033600,38.40513666109431,24.92413187711575,9.98536696975022,11.529306,2.9684,11.532486260998004,7.630179704296344,0.10242150795688865,0.5797164296156935,7.405,7.264,0.14100027084350586,-0.3737027245533756,1.423382,0.27353936,NOT_AVAILABLE,0,3089.2524
4719430087707860736,30.160435097325607,-55.96826051259185,8.21635650380474,10.557133,2.7857323,10.98373634680095,7.199603389342454,0.1006107610963376,0.5694674133116343,6.619,6.382,0.2369999885559082,0.06380279818619441,1.0814393,0.38282937,VARIABLE,0,
527956488340229632,8.14303081725879,67.23432836058251,9.892524908817453,9.566636,2.3044653,9.5901003231685,6.060464416949016,0.09595179269515342,0.5430971656839223,5.679,5.365,0.31400012969970703,0.4147203613300929,5.8858223,4.802143,NOT_AVAILABLE,0,
999747822484300800,90.29510135819429,59.59306278611283,7.733868235854992,10.417205,2.7911243,10.975221013874267,7.197016095966552,0.09536559415002976,0.5397792207092394,6.529,6.236,0.2929997444152832,0.31901399093097205,1.1339737,0.19607627,NOT_AVAILABLE,0,3013.4104
3139847906307949696,111.85462844259372,5.209382701706996,3.7860589303898693,8.576388,2.7577581,10.685451511480386,6.966063026525552,0.09434313037172437,0.5339919689611,4.787,4.268,0.5190000534057617,1.3489793458333612,1.2387705,0.30759868,NOT_AVAILABLE,0,3024.395
6078114541943893888,189.46009727129754,-52.00134627910898,9.492469518442949,9.565008,2.489376,9.678112107262756,6.133103924737122,0.0940234369295041,0.5321824706965999,5.935,5.675,0.25999975204467773,0.16862106002927688,1.0048603,0.14231494,NOT_AVAILABLE,0,3163.5781
6623351805412369024,342.0203381724408,-24.369627417603155,7.676325777322197,11.129232,3.0147228,11.703465418735796,7.780232863346391,0.08803129767752438,0.4982663368472534,6.918,6.787,0.13100004196166992,-0.4192773936119883,1.2056623,0.26244682,NOT_AVAILABLE,0,
1022456139210632064,138.5835616152243,52.68408016691263,6.333606343845312,6.976026,1.8173037,7.967770723554821,4.97974458143446,0.07720946675670604,0.4370136438488042,3.889,3.318,0.5709998607635498,1.5859613228906424,1.0839477,0.12741469,NOT_AVAILABLE,0,3745.384
5946986063684477056,263.80723698261943,-48.67877743078911,9.679787481027113,9.293614,2.27184,9.364285274952879,5.899670883625975,0.07415921999870712,0.4197489286999286,5.557,5.266,0.2910003662109375,0.3099020994870104,0.9890191,0.12397023,NOT_AVAILABLE,0,3235.1426
5260759175761501696,98.42498690791187,-75.62874086458727,8.839353350582899,9.3847475,2.448677,9.652645029978796,6.129897513346717,0.0725024324907686,0.4103713384076798,5.66,5.446,0.21399974822998047,-0.041017636776717284,1.0885247,0.17796864,NOT_AVAILABLE,0,3244.3787
1314438839310796800,251.27624770078947,33.510924834032046,9.846252102847943,7.4861526,1.6994839,7.51979789278106,4.745645137043756,0.06627303187102385,0.3751122804425864,4.719,4.373,0.34599971771240234,0.5605540868300634,0.9850719,0.10611447,NOT_AVAILABLE,0,3880.6682
3409711211681795584,70.73548173808452,18.953202926391814,9.485192669253934,9.004439,2.3010335,9.119208569045622,5.721769089217742,0.06523364877378768,0.3692292635826288,5.486,5.27,0.21600008010864258,-0.03190139909309721,0.88777876,0.105255134,NOT_AVAILABLE,0,
1470462322431834880,205.6796933622798,33.286923865549426,9.191991912923925,10.71994,2.764947,10.902892017597242,7.1649517061653585,0.06350630028972049,0.35945229079770347,6.77,6.584,0.18599987030029297,-0.1686232331491061,0.8938793,0.37742987,NOT_AVAILABLE,0,
4293318823182081408,289.2276515036191,5.162976302668586,5.915007075883356,8.099911,2.378519,9.240134393618206,5.813223516390422,0.0632003013403235,0.35772030479252537,4.379,3.933,0.4460000991821289,1.0162920849368735,0.91293514,0.11797045,NOT_AVAILABLE,0,3235.7446
5260759175761502976,98.43896955100807,-75.62380392415764,8.839248371539995,10.212167,2.6525488,10.48009010025225,6.825923401796439,0.06086415749045848,0.3444974866684018,6.402,6.186,0.21600008010864258,-0.03190139909309721,1.1390804,0.1841551,NOT_AVAILABLE,0,
4017860992519744384,175.55067547083934,26.70295395358736,9.77503868041466,9.582008,2.4492664,9.631415938813248,6.122407531220475,0.06049926279224849,0.3424321445752056,6.017,5.69,0.32700014114379883,0.47396612723439185,1.1253774,0.15350425,NOT_AVAILABLE,0,3228.1418
3195919254111314816,63.82965602087436,-7.670903382610344,5.013747228688032,9.775309,2.9896755,11.274496434325371,7.46118771850506,0.05854672440747066,0.33138057343853144,5.701,5.325,0.37600040435791016,0.6972780940059016,1.5311921,0.5614569,NOT_AVAILABLE,0,
6021430250773348736,245.01042208462846,-37.524610446713915,8.512696256657831,9.495382,2.4885054,9.84504662138893,6.299664121694105,0.05834250728214663,0.33022468318539183,5.66,5.358,0.3020000457763672,0.3600316277076893,1.1693292,0.1836205,NOT_AVAILABLE,0,3155.9285
981548637301374336,105.98716288465668,52.69772729783498,9.023125614476156,11.699139,3.210291,11.922353624388286,7.999215005919048,0.054076956590151326,0.30608122087131295,7.548,7.337,0.2109999656677246,-0.05468873362240356,18.897764,5.11674,NOT_AVAILABLE,0,
18565464288396416,39.07167733324421,6.8780898981735605,7.223497637225653,10.333128,2.8553162,11.039390300126502,7.280262206407019,0.05401194213304805,0.30571323225547287,6.481,6.116,0.36499977111816406,0.6471442195455642,1.8051597,0.30345058,NOT_AVAILABLE,0,3002.6929
939072613334579328,103.70012922713916,33.266408018167255,5.584628669736241,8.863551,2.5611715,10.128579632202612,6.540028587738501,0.05382716079468608,0.30466735058597133,5.119,4.798,0.3210000991821289,0.4466217604231901,1.1459758,0.18602125,NOT_AVAILABLE,0,3337.7017
1349047857580994560,265.9832423101327,43.37593023818892,9.53154856036543,9.450096,2.3977938,9.554278806305046,6.06818290100109,0.05051626393580122,0.2859273286496955,5.887,5.657,0.23000001907348633,0.03190139909309721,1.088793,0.14533591,VARIABLE,0,3275.029
4365609170043180416,254.27604768745735,-4.350649323558728,8.702020274446115,10.913422,2.8370752,11.215321176853973,7.421899431553681,0.04946871010849563,0.27999806460437926,6.954,6.753,0.20100021362304688,-0.10026122956118703,0.91911286,0.16304703,VARIABLE,0,3001.3828
750586216906847104,162.43628733718958,35.542869572300205,9.732158458529945,11.625256,2.9660664,11.684209727327065,7.801954173127847,0.04257019336075274,0.24095173948750132,7.499,7.314,0.18499994277954102,-0.17318026543100154,10.243021,3.1676006,NOT_AVAILABLE,0,
3828238392559860992,153.07293731001045,-3.746747553020674,7.706867967494492,8.331761,2.2344894,8.897371766146517,5.580610272463654,0.040630967580231214,0.22997551908098432,4.838,4.47,0.3680000305175781,0.6608174895110797,1.033861,0.12769951,VARIABLE,0,3358.8308
6575069780231675264,330.6269230434408,-37.08193913674626,7.667617908644751,10.46742,2.7553616,11.044117309024655,7.294697619846188,0.040384975844487414,0.2285831801708758,6.546,6.314,0.23199987411499023,0.04101546365688805,1.0637844,0.40636083,NOT_AVAILABLE,0,
6663600360560306560,290.20411626707914,-45.57110617010142,5.90894022941132,10.752913,3.0468893,11.895365490080014,7.987451805235042,0.03989836773640931,0.22582892746883765,6.689,6.435,0.254000186920166,0.14127886633790432,1.2843816,0.44409123,NOT_AVAILABLE,0,
4911306239828325632,24.951317415506175,-56.19325138476668,8.189417113337639,5.5083017,1.0707846,5.9420367764700135,3.991735129283734,0.03510599152058269,0.19870357768016253,2.003,2.888,-0.8849999904632568,-5.049557939031356,1.2739952,0.3253838,NOT_AVAILABLE,0,5044.24
6378584028690858496,343.92147125181526,-75.4633768500233,8.597463957831629,9.292778,2.4678383,9.620926195863701,6.139148051027275,0.029404710186268446,0.1664337300154079,5.718,5.397,0.3210000991821289,0.4466217604231901,1.1405014,0.16237107,VARIABLE,0,3193.6565
1872046609345556480,316.7484792940004,38.76386244649797,3.4965652573897277,4.766713,1.4625897,7.048504952329699,4.529791716474596,0.024218982019176494,0.13708196710981316,,,,,1.2043179,0.5273935,NOT_AVAILABLE,0,4353.7437
3840711729206827520,142.68324346444365,0.32022324371767896,9.910483319954446,10.501792,2.6514645,10.521317779459363,6.890525638498669,0.023164075443855126,0.13111108574297334,6.691,6.465,0.2259998321533203,0.013671096845686275,1.1048799,0.16418591,NOT_AVAILABLE,0,3088.8386
1637645127018395776,264.1040525731971,68.3334976375916,4.549802251285675,8.02864,2.518117,9.73867718707938,6.2580372525395855,0.0022417938454193376,0.01268878724718606,4.398,3.333,1.0649998188018799,3.8372982541341747,1.2150519,0.18784787,NOT_AVAILABLE,0,3192.2751
1187851653287128576,223.62310860272,16.100530964762918,9.947846376625206,9.123367,2.281682,9.134721960104704,5.781354631460905,0.0002388520805265415,0.0013519277160751254,5.538,5.277,0.2610001564025879,0.17318026543100154,1.1933485,0.1396763,VARIABLE,0,3268.7998
2246206567973292160,307.63826397516186,65.45081813440359,8.087038541792234,9.43527,2.4840298,9.896322744910492,6.394052523200287,-0.003776894187140556,-0.021377615472396753,5.794,5.516,0.2780003547668457,0.25065633358271144,1.0511156,0.14574441,NOT_AVAILABLE,0,3384.8457
6322070093095493504,229.85630133329227,-7.722707024157902,6.300471781360879,9.421787,2.5615683,10.424921908051878,6.8401345392774635,-0.011623327276154782,-0.06578924605975746,5.743,5.42,0.3229999542236328,0.45573582498698095,1.3033525,0.19134389,NOT_AVAILABLE,0,3110.4065
5412250540681250560,146.12137189336056,-45.77909735114582,9.41861860705471,9.158753,2.31528,9.288817339357237,5.91006415408502,-0.014737196410948172,-0.08341407050456805,5.55,5.364,0.18600034713745117,-0.16862106002927688,0.9715037,0.11510396,NOT_AVAILABLE,0,3282.4324
3988987164339438208,165.0156786023955,22.831702302659366,6.747704332494582,8.977005,2.4295382,9.831224781695767,6.349219662372037,-0.015096804880251113,-0.08544949199017647,5.311,5.031,0.2799997329711914,0.25976822502667307,1.1143636,0.1597789,NOT_AVAILABLE,0,3181.3076
6697578465310949376,302.8022690433109,-36.10821653736984,6.01224558742964,5.033037,1.101397,6.137853624258991,4.1128163355932195,-0.018928865244586035,-0.10713935378579789,2.049,1.897,0.1520000696182251,-0.3235726530527394,0.94949293,0.5466731,NOT_AVAILABLE,0,
2940856402123426176,92.64357908167638,-21.86782311323394,5.761231991098029,7.3134713,2.0742784,8.510894499373201,5.3634230714557205,-0.0218962731304444,-0.12393519226854466,4.042,3.64,0.40199971199035645,0.8157663661347556,1.0134844,0.12288034,NOT_AVAILABLE,0,
114207651462714880,41.068881780380345,25.52175109435131,7.68074910700861,9.467294,2.5002089,10.040275844125652,6.533982070474528,-0.027242939712415648,-0.1541978834071147,5.802,5.554,0.2480001449584961,0.11393449952670255,1.080172,0.14535306,NOT_AVAILABLE,0,3179.169
2976850598890749824,75.83262223513711,-17.375510085672932,9.235891852986798,10.561693,2.5987225,10.734298996854191,7.108605675626164,-0.034247854256813426,-0.19384643116283243,6.803,6.615,0.18800020217895508,-0.15950699546548602,1.16032,0.33525512,NOT_AVAILABLE,0,
3209938366665770752,82.86754111476276,-3.6865276019053095,5.704079110514413,7.1082892,2.121859,8.327361540967924,5.258072333509428,-0.038325187400072735,-0.2169245624978929,3.79,3.469,0.3209998607635498,0.4466206738632755,0.96368384,0.104163714,NOT_AVAILABLE,0,
2195886971653527168,313.3324563031005,62.150957701503515,7.03956239488709,7.756715,2.0436773,8.51898650767452,5.38027171733028,-0.03990320855260876,-0.2258563269939916,4.518,4.111,0.4070000648498535,0.8385547872239766,0.86993074,0.082130596,NOT_AVAILABLE,0,3473.9587
3101920046552857728,103.07260095888746,-5.19006973623282,8.749587508307417,9.097528,2.329884,9.38759056229496,6.013062154244424,-0.04718409494819298,-0.2670669042436666,5.599,5.316,0.28299999237060547,0.27344149499218856,1.1511182,0.1485648,NOT_AVAILABLE,0,3295.0776
6109610086872510592,210.96248100755366,-42.699347027825176,9.940109628042029,11.695198,2.9163027,11.708242188105944,7.903043995509508,-0.05243369426673716,-0.2967801845357356,7.686,7.494,0.1919999122619629,-0.14127886633790432,1.3287231,0.2319029,NOT_AVAILABLE,0,
1143321672882274560,92.58432174711153,82.10081629100655,9.461601958357154,9.470075,2.362997,9.590251285160619,6.181176501835424,-0.05276382442961136,-0.2986487557289115,5.98,5.72,0.26000022888183594,0.1686232331491061,1.0745975,0.122372836,NOT_AVAILABLE,0,3250.4275
3089711447388931584,124.03158305457569,1.3028427269823109,8.938964836160245,9.133169,2.2976866,9.37673302986415,6.009563649676162,-0.053635973184645636,-0.30358520874984396,5.676,5.342,0.3340001106262207,0.5058675263274891,1.080424,0.1352913,NOT_AVAILABLE,0,3286.0022
5951824121022278144,262.1701639221161,-46.89910489864381,4.552775172255158,8.336431,2.4648557,10.045049528324228,6.563618997776132,-0.05793374499435089,-0.32791104595460396,4.763,4.312,0.4510002136230469,1.0390794194661799,1.054375,0.16256091,NOT_AVAILABLE,0,3274.975
425040000962497792,12.281184764215306,57.815739188554126,5.927030155764452,6.762044,1.7540107,7.897858268620616,5.016814357640391,-0.058833019541169485,-0.3330010337894383,,,,,1.0389044,0.14002885,NOT_AVAILABLE,0,
3340477717172813568,85.547707594821,12.482359917793618,5.791185005001267,10.11378,2.8699055,11.299942826108031,7.575162743405395,-0.06080304892291899,-0.34415160579533527,6.234,5.896,0.3380002975463867,0.5240978285749001,1.114727,0.19374153,NOT_AVAILABLE,0,3000.0286
2396530698208685312,345.06283531994274,-22.524089212751498,8.232325349913523,7.259579,1.7334809,7.681966552393927,4.900387534754767,-0.0641337611075663,-0.36300378454448984,4.324,4.133,0.19099998474121094,-0.14583589861979976,1.0888942,0.12531129,NOT_AVAILABLE,0,3828.1167
6604147121141267712,344.10194140173917,-31.56626896213439,7.601527372616974,6.0918646,1.3403125,6.687360267331982,4.40049574821272,-0.07083485339825302,-0.40093266661989646,3.897,2.35,1.5470001697540283,6.033948624875133,0.9246975,0.12897246,NOT_AVAILABLE,0,4463.109
3855208897392952192,157.22878342623204,0.8377468877660948,7.037538214799483,8.675959,2.2955694,9.438854802700273,6.073896039577716,-0.07201470177131242,-0.40761073160802164,5.18,4.874,0.305999755859375,0.378259756835271,0.8839424,0.10307462,NOT_AVAILABLE,0,3291.319
272855565763652480,69.42278387138005,52.89150297231415,9.909225555145325,7.9525313,1.7984858,7.97233276776858,5.066801361365992,-0.07215027258900353,-0.40837807659209524,4.973,4.828,0.14499998092651367,-0.3554745954257939,1.1722351,0.16702637,NOT_AVAILABLE,0,3760.6282
96331172942614528,25.62258568627586,20.26551918225611,7.643894261271839,4.99968,1.0224853,5.583106688331942,3.8684267318957843,-0.07681667075828003,-0.43479037748300625,3.274,3.018,0.2560000419616699,0.15039293090169517,1.2618266,0.781355,NOT_AVAILABLE,0,5092.744
4339465360510320128,253.85142032580904,-8.32657626383978,6.498764777856453,10.444497,2.7784386,11.38034301842924,7.659845887081583,-0.0868589336569805,-0.4916306340758621,6.588,6.374,0.21399974822998047,-0.041017636776717284,1.08038,0.36576542,VARIABLE,0,3028.3591
3478160727866058368,173.8619077285848,-32.543748247776854,9.076792989426956,8.896746,2.2076273,9.107083527822418,5.833337991018218,-0.09643692524576153,-0.5458430665766065,5.447,5.213,0.23400020599365234,0.050131701340508136,1.0137056,0.13033238,NOT_AVAILABLE,0,3580.5154
5918660719983560192,266.6334444727895,-57.32506180218072,5.889136001075998,9.592273,2.5847359,10.742014839292718,7.16574187481518,-0.09836686113255055,-0.5567667052145717,5.919,5.578,0.3410000801086426,0.5377689254205863,0.97503436,0.33651322,NOT_AVAILABLE,0,3104.3184
1022456104850892928,138.5913117966687,52.68342944184038,6.333824560707982,7.054455,1.8464499,8.046124654617959,5.127670007553751,-0.10310618591848097,-0.5835917783705461,2.885,3.11,-0.22499990463256836,-2.041698234437538,1.118406,0.13858826,NOT_AVAILABLE,0,
19316224572460416,39.02838450657828,6.8933391075785275,7.228567098899183,5.4983196,1.1986432,6.203058542366435,4.185738863106181,-0.10606036920528794,-0.6003127642417847,2.598,3.149,-0.5509998798370361,-3.5273983277669934,7.2789974,1.8008233,NOT_AVAILABLE,0,
3243715604392800512,57.6825473764549,-6.100991036847448,9.92754075955262,11.477213,2.8147955,11.493004511760999,7.766791533397962,-0.10611892845608573,-0.6006442157159004,7.5,7.344,0.15600013732910156,-0.30534289408528575,1.6850219,0.2866435,NOT_AVAILABLE,0,3201.4258
4025850731201819392,175.26250050618376,34.19993957543697,9.576235269966132,5.1109953,0.9060354,5.2050212560514515,3.682026022515685,-0.10631322671790944,-0.601743964165927,3.572,3.31,0.26200008392333984,0.17773729771289695,1.1399417,0.6723929,NOT_AVAILABLE,0,5394.317
6583272171336048640,319.2950181380955,-38.872456400701786,3.9696335386096013,5.984104,1.8535872,7.990352075456417,5.1062478235948445,-0.12228403482456418,-0.6921404056786254,2.094,1.844,0.25000011920928955,0.1230491073704507,0.8343736,0.19933948,NOT_AVAILABLE,0,
3738099879558957952,202.50420163284346,10.372389574126087,7.627686798494671,8.205292,2.0878701,8.79332748747623,5.624035514362217,-0.1251220041250356,-0.7082036082524515,4.823,4.564,0.2589998245239258,0.16406402774738144,1.0927536,0.14391011,NOT_AVAILABLE,0,3391.0374
1129149723913123456,176.9394079814786,78.69329745305299,5.254166557993327,9.551337,2.701994,10.948818062732235,7.351480816791073,-0.12722464169927328,-0.720104756474424,5.816,5.452,0.3639998435974121,0.6425871872636687,1.284949,0.19773406,NOT_AVAILABLE,0,3056.1953
5664814198431308288,144.00748512333524,-21.665200855258018,9.435839717133272,9.891662,2.3962393,10.017758868541412,6.601097129192047,-0.130114134784451,-0.7364595890496634,6.312,6.061,0.25099992752075195,0.12760559637238883,1.1187094,0.14056304,NOT_AVAILABLE,0,3204.3516
4109034455276324608,259.05329410009625,-26.551146094884785,5.953738988087766,5.889863,1.4148359,7.015914057929605,4.592051123817056,-0.13437900065819441,-0.7605991752209297,3.414,3.099,0.315000057220459,0.4192773936119883,0.73806286,0.1280463,NOT_AVAILABLE,0,4381.2256
4031586157514097024,177.77908194992455,35.273139643103185,8.76536231551445,8.854014,2.1624355,9.140165035033796,5.892150584960554,-0.14022145876803904,-0.7936680981764873,5.459,5.198,0.2610001564025879,0.17318026543100154,1.0395293,0.12637511,VARIABLE,0,3590.288
3741297293732404352,206.4405658448607,14.885052704598573,5.434894991256834,7.6105833,2.1149225,8.93462751831473,5.739044174808871,-0.14284598750922228,-0.8085232048978503,4.191,3.765,0.42599987983703613,0.9251438333795627,1.0476037,0.14070432,NOT_AVAILABLE,0,3424.9907
2154880616774131840,280.6830708352289,59.638357907754816,3.5231101472943926,7.854393,2.4610577,10.11976189901021,6.697369053856403,-0.14377848435771412,-0.813801234429139,4.065,3.494,0.5710000991821289,1.585962409450557,1.0079373,0.22153914,NOT_AVAILABLE,0,3352.192
2009481748875806976,348.33773395483047,57.16966644274312,6.541762445733662,5.2318964,1.2163415,6.153422553830451,4.182526071362799,-0.14896933037351978,-0.8431819648928454,2.271,2.934,-0.6630001068115234,-4.037823972936293,0.99794143,0.4238927,NOT_AVAILABLE,0,
5153091836072107136,45.462424511757,-16.59453280551054,6.863785972580628,10.058402,2.590352,10.875583397323549,7.3131811489409815,-0.1516688502166197,-0.8584615290814269,6.405,6.149,0.2560000419616699,0.15039293090169517,1.0732157,0.15807393,NOT_AVAILABLE,0,3282.5583
4177731838628465408,271.2841138366001,-3.032798001841446,7.738832989056081,8.519395,2.1195245,9.07601750308716,5.862622861210939,-0.1659350841249445,-0.939209902644503,5.236,4.933,0.30299997329711914,0.3645886599895848,1.0240192,0.122464284,NOT_AVAILABLE,0,3619.0828
762815470562110464,165.83095967577933,35.948653032660104,2.5461298549469777,6.551172,2.2156086,9.521769033144954,6.224597202013973,-0.1741285340166332,-0.9855856845695667,2.469,1.858,0.6110000610351562,1.7682567394453494,0.9638494,0.19310217,NOT_AVAILABLE,0,3511.045
6254033894121581952,235.51777703710027,-19.476366652438784,9.691821222908446,10.685861,2.6100235,10.753833661527112,7.235973248929456,-0.17532917745940857,-0.9923814518236498,6.978,6.8,0.17799997329711914,-0.20508166452409873,3.5523927,2.3511162,NOT_AVAILABLE,0,
3727748630418376704,209.55650642406135,12.582063477437002,9.35975175367437,11.051151,2.660573,11.194829624593329,7.582678478658271,-0.17541495796160333,-0.9928669784230426,7.198,7.081,0.11700010299682617,-0.48308019179818273,1.5914696,0.30211365,NOT_AVAILABLE,0,
2154880616774131712,280.68308624583415,59.635145454818776,3.523139318605643,8.524704,2.625472,10.790054893439319,7.265350913947131,-0.17637965296120228,-0.9983272528516423,4.065,3.494,0.5710000991821289,1.585962409450557,1.312914,0.31692952,NOT_AVAILABLE,0,3179.6333
6562924609150908416,323.3912518776402,-49.01263039681064,4.967088115558056,7.739947,2.2399096,9.259437520211048,6.020490605538197,-0.18468067383752995,-1.045311897782037,4.298,3.775,0.5229997634887695,1.3672074749609429,1.0965127,0.15980744,NOT_AVAILABLE,0,3310.1243
6427464123776727168,302.19503988923026,-66.18709128441725,6.099256325704463,3.3641381,1.0192785,4.437753699952211,3.006615542107667,-0.18877335516128113,-1.0684769014212974,0.106,0.012,0.09399999864399433,-0.5879000070823931,2.8562405,0.9650683,NOT_AVAILABLE,0,5437.5474
425040000962559616,12.285227381524425,57.81272812559009,5.923042138328477,3.3200667,0.8868861,4.45734257866819,3.125275923509194,-0.189578850616285,-1.0730360898042985,-0.26,0.214,-0.4739999920129776,-3.1764819190930043,3.1213033,1.1890016,NOT_AVAILABLE,0,5726.01
6673000841376349696,303.4773905559996,-45.16473054247641,6.164578207302766,7.2426615,1.9117098,8.293144642853322,5.33148330404717,-0.18970201347541682,-1.073733204447321,4.17,3.409,0.7610001564025879,2.4518615634857355,1.0053535,0.1175766,NOT_AVAILABLE,0,3588.5205
5975663354131618304,259.75125274377365,-34.997795092684065,7.242898429833418,9.386162,2.2938309,10.086599829439715,6.736437800173357,-0.2240818204130317,-1.2683265015616352,5.886,5.591,0.2950000762939453,0.3281302286145921,0.95609975,0.121968076,NOT_AVAILABLE,0,3313.4404
3399063235755057792,88.59482419468164,20.275852148021837,8.699460211492765,4.241686,0.79622936,4.5442243366549055,3.2985385208437483,-0.22421339264996565,-1.269071214161102,2.092,2.704,-0.6119999885559082,-3.805397941600992,5.6246004,2.2552793,NOT_AVAILABLE,0,5808.179
3101923001490347392,103.07278431613713,-5.17372829320013,8.744719768346878,6.231057,1.2769122,6.522327683463235,4.398270390525003,-0.23124584744884302,-1.308875642632854,4.005,3.337,0.6680002212524414,2.028027137591852,1.2655232,0.16462089,NOT_AVAILABLE,0,4572.622
1952802469918554368,326.5928819418585,38.21751708114409,7.047484256325446,10.830858,2.814188,11.590687658811692,7.957829382444505,-0.23206619009449625,-1.3135188676652345,6.947,6.769,0.17799997329711914,-0.20508166452409873,1.1928823,0.17990267,NOT_AVAILABLE,0,
4900108950849461248,5.0356095474274705,-64.86961713712722,8.607142418062878,4.07351,0.76927614,4.399215224593948,3.0947051080167993,-0.2370839925936581,-1.341920153755996,1.875,1.279,0.5959999561309814,1.699895822417345,3.2111413,1.2283798,NOT_AVAILABLE,0,5857.8096
1534011998572555776,188.43142838333532,41.358776694084185,8.472665929385442,4.094672,0.7944677,4.454571788806445,3.2078996353335443,-0.23801367319171174,-1.3471822430157392,1.765,1.253,0.5119999647140503,1.3170774034603066,2.109553,0.9741981,NOT_AVAILABLE,0,5761.42
4847957293278177024,50.00034361894219,-43.06655252783423,6.041412326770681,4.063915,0.9325981,5.15822238901508,3.7303075311507,-0.2397152101921165,-1.3568131201079692,,,,,1.976701,0.73451924,NOT_AVAILABLE,0,5427.3184
3195919528989223040,63.80795300602079,-7.6680778150199815,5.009818934047725,4.179894,1.0412455,5.680783821557421,3.9988897576078357,-0.24075032226226334,-1.3626719625086319,,,,,1.9449321,0.7966543,NOT_AVAILABLE,0,
4550763526539955712,264.4766236517814,18.596087654354623,8.159628009669527,8.74288,2.1102657,9.184528067062793,6.013648226211963,-0.2509842998992795,-1.4205973445386944,5.513,5.192,0.3210000991821289,0.4466217604231901,1.121194,0.13276337,NOT_AVAILABLE,0,3631.1428
1428427236986209024,246.35588833281682,54.30333866560462,6.478770723334836,9.139769,2.2954597,10.082305545429616,6.775537128071218,-0.2756987017962693,-1.5604834398873484,5.707,5.387,0.31999969482421875,0.44206255502146546,1.0494165,0.13525641,VARIABLE,0,3453.4927
385334230892516480,4.613226257557736,44.02478674398518,3.5624356913539748,7.218567,2.164384,9.459831728244474,6.259264959598234,-0.2780891533422434,-1.5740136452421134,3.872,3.437,0.434999942779541,0.9661603835963655,1.0384927,0.12635428,NOT_AVAILABLE,0,3352.2085
6133474952391837824,190.18807526858592,-43.563321977327206,8.052493670718004,10.983478,2.663249,11.453825631792185,7.883348146135447,-0.2840799864962307,-1.6079223864404435,7.163,7.009,0.15400028228759766,-0.31445695864907663,1.0842718,0.18511696,NOT_AVAILABLE,0,3075.3416
4519789321942643072,286.7709107522999,20.88648751787881,8.82985601917845,9.814883,2.283307,10.08511512226176,6.791231798592326,-0.2919289287562794,-1.6523482191978605,6.431,6.127,0.3040003776550293,0.3691478653913094,0.8074018,0.24484326,NOT_AVAILABLE,0,3227.885
4519789081415296128,286.8027296402767,20.875538401484672,8.832142633376241,9.805328,2.2868843,10.07499799906054,6.7866698282841735,-0.29650903180867694,-1.6782720807165314,6.405,6.148,0.2570004463195801,0.15495213630341984,1.0152338,0.12310883,NOT_AVAILABLE,0,3279.9556
6412595290592307840,330.8724078795965,-56.79725466122902,3.638438981826665,4.322904,1.2974195,6.518328629880456,4.43242450848153,-0.30604069332805217,-1.732222280186777,0.871,0.396,0.4749999940395355,1.1484551210511258,1.1482686,0.8326351,NOT_AVAILABLE,0,4560.303
4375233191015944192,261.43588748671016,2.1061577628793846,7.713318653486466,6.934473,1.7076311,7.498266670941993,4.933793518781348,-0.3091219204979243,-1.7496623477017468,4.12,3.852,0.26799988746643066,0.2050805779641841,0.9475162,0.11428186,NOT_AVAILABLE,0,
5020179503252128768,31.449610334078532,-30.17617825921,9.380020746917992,11.050699,2.547885,11.189680239201934,7.696981092931182,-0.32371301839123845,-1.83224948534129,7.257,7.169,0.08799982070922852,-0.6152449935722962,1.2542118,0.22034001,NOT_AVAILABLE,0,3120.9514
6553614253923452800,346.5039166796005,-35.8471642082214,3.2880095551861235,6.5220323,2.0982852,8.937366906094589,5.880334559369124,-0.32767682293623324,-1.854685032955821,2.592,2.863,-0.2709999084472656,-2.2513369312435323,0.9320045,0.10535187,NOT_AVAILABLE,0,3376.0845
2306965202564744064,1.3832841523481234,-37.36774402806293,4.345992568835256,7.6824937,2.186049,9.492048789727038,6.332554866539782,-0.3342478727132825,-1.8918778608253486,4.403,4.038,0.36499977111816406,0.6471442195455642,1.4012543,0.21676818,NOT_AVAILABLE,0,3355.3533
3478127463341507072,173.61931513361625,-32.82768460705796,9.559015075372868,5.7383237,1.0040288,5.8362579558748156,4.119934103335753,-0.3353521753537745,-1.8981283290788589,3.976,3.52,0.45600008964538574,1.0618656674355718,0.75564384,0.15642633,NOT_AVAILABLE,0,5225.1025
3519785523672576384,186.22388950027022,-18.25255602337988,8.875164384583268,10.290013,2.3576193,10.54913128456976,7.2091177805414395,-0.3460255655482456,-1.9585408320663995,6.776,6.549,0.22700023651123047,0.01823030224741093,1.1037108,0.13436624,NOT_AVAILABLE,0,3218.6958
778947814402602752,166.34205974427476,43.53094856108456,4.90466333147386,7.912665,2.104178,9.459618881965579,6.315954045082035,-0.3467068434852756,-1.9623969363272078,4.641,4.347,0.29399967193603516,0.32357102321286746,0.9393333,0.15879498,NOT_AVAILABLE,0,3382.1968
1057318835428596096,169.9881036824331,65.84729793562252,9.071896341954973,8.527628,1.9515948,8.739137548916283,5.745509523861351,-0.3470969034250757,-1.9646047163154914,5.434,5.072,0.3619999885559082,0.6334731226998779,1.0957419,0.122762695,NOT_AVAILABLE,0,3550.6685
2739689239311660672,357.3066038231343,2.3969179441959985,5.909595145046433,8.152917,2.095766,9.295128262144623,6.185211575132905,-0.3528140413396912,-1.9969643138804527,4.967,4.512,0.4549999237060547,1.0573075485937617,1.1554246,0.14700685,NOT_AVAILABLE,0,3619.1145
3359074685047632640,99.29143146487576,17.566316517740663,9.997680990471613,8.878268,1.953599,8.87877186680096,5.862503613474544,-0.3630248700055745,-2.0547586703167493,5.724,5.524,0.19999980926513672,-0.1048204349629117,1.0874019,0.11322153,NOT_AVAILABLE,0,3503.4954
1460229442589223424,197.9642816133702,27.882105372524595,9.197515891787267,4.093279,0.76205873,4.274926150423215,3.1046473628103,-0.36443718190893737,-2.062752503159612,1.71,1.413,0.29700005054473877,0.3372448364583403,2.4609523,1.0004035,NOT_AVAILABLE,0,5899.0034
5381537023379295232,176.62052057636615,-40.498565145629904,9.319453101500756,4.701676,0.85635567,4.85472375605554,3.6420479461953104,-0.38726693600539086,-2.191971295167352,2.383,2.973,-0.5900001525878906,-3.705136712039805,0.93108606,0.68492717,NOT_AVAILABLE,0,5538.9297
6401464693867773568,321.61171581249374,-65.3626399731515,9.258384372889216,4.0891333,0.70557785,4.256457227257328,3.136324065712528,-0.39516539082904334,-2.2366773742047354,3.706,3.637,0.0690000057220459,-0.7018340397278824,2.1638815,0.87683016,NOT_AVAILABLE,0,6092.6636
2452378776434477184,26.009055057160104,-15.933680200693857,3.6521709611425766,3.3003998,1.0512211,5.48764428516391,3.981244534454376,-0.39791953151528503,-2.2522660980688616,-0.55,-0.048,-0.5020000115036964,-3.3040881606103425,2.634341,1.1073081,NOT_AVAILABLE,0,
4358031335898505472,249.09140230088192,-2.3259612815161246,9.893947947441871,5.5535517,1.0146093,5.5767035679439365,4.062151928387052,-0.47491306215569384,-2.6880575209519524,3.882,3.209,0.6729998588562012,2.0508122990013287,0.9504203,0.27828753,NOT_AVAILABLE,0,5106.7
2261614264931057664,293.09759805108064,69.65345106254792,5.763891077773407,4.449041,0.9943154,5.6454620637014035,4.096421269328845,-0.4772117075408726,-2.7010680938504623,,,,,1.6816003,0.6633254,NOT_AVAILABLE,0,5153.247
5164707970261890560,53.22829341517546,-9.458168216292322,3.219810408490127,3.465752,1.1402977,5.92660038653875,4.236848523059136,-0.4896212541221505,-2.771307423272132,-0.792,-0.146,-0.6459999978542328,-3.960348312244551,2.7166147,1.0014182,NOT_AVAILABLE,0,5002.0435
2552925644460225152,12.099107075154986,5.27553944692346,7.435229060298576,5.467689,1.1095943,6.111217274518457,4.326528324933496,-0.4928274375433288,-2.7894547562170917,2.619,3.309,-0.690000057220459,-4.160872537026786,1.0807776,0.3337199,NOT_AVAILABLE,0,4859.2896
411413822074322432,17.094749861202942,54.91320397755905,7.675299831910316,4.9480124,0.9222264,5.522535602057491,4.079523364508663,-0.5650570110801887,-3.1982816844544466,3.311,3.099,0.21200013160705566,-0.05013061478059352,6.9658175,3.7400494,NOT_AVAILABLE,0,
2964001014514075520,86.10910372271664,-22.42340450564174,8.89157097981148,5.868166,1.1573954,6.123273471191288,4.386107543304325,-0.6050204755948361,-3.4244790664853433,3.893,3.496,0.3969998359680176,0.792980118165364,1.0054624,0.16812626,NOT_AVAILABLE,0,4794.6724
4810594479418041856,77.9599373502188,-45.0438126993602,3.9339320771222708,8.063552,2.0266457,10.08941761695615,7.074865500562106,-0.6368932211898919,-3.6048821346201385,4.921,4.295,0.625999927520752,1.8366165699134394,1.1701684,0.16521,NOT_AVAILABLE,0,3451.8704
4034171629042489088,178.26735320817272,37.69282694689086,9.171817867791482,6.1985016,1.0016494,6.3862244768810426,4.560723034925476,-0.7008618859425484,-3.9669514565569197,4.333,4.067,0.26600027084350586,0.19596759996030788,0.88005906,0.10210104,NOT_AVAILABLE,0,5043.2183
1618010323247026560,217.6503357938043,59.72427392962494,9.968998540633752,14.843737,4.7969637,14.850478986450518,9.794742444702472,,,9.542,9.341,0.20100021362304688,-0.10026122956118703,1.1306924,0.47756612,NOT_AVAILABLE,0,
4318384355378007424,294.0057292155468,15.59871595756036,9.89298862911972,20.618402,,20.64176493155448,15.201362900609656,,,14.253,14.883,-0.630000114440918,-3.8874310420345974,1.3777858,5.934735,NOT_AVAILABLE,0,
1589250088362827776,228.7472256453729,48.8013123316322,9.807337233194191,19.241777,3.7472115,19.28402187443128,12.542244454387333,,,11.734,11.332,0.40200042724609375,0.8157696258144995,1.2034444,1.5909722,NOT_AVAILABLE,0,
2358022227591374336,16.23022246917644,-18.122448954793846,9.776820001533101,12.697248,3.4199324,12.74626036097884,8.502011970781085,,,8.222,8.029,0.19299983978271484,-0.1367218340560089,1.1534077,0.26176655,NOT_AVAILABLE,0,
3200303384927512960,70.09847133151465,-5.501688546295259,9.747136159319444,14.904285,4.640273,14.959900266724265,9.600614912110007,,,9.356,9.168,0.18799972534179688,-0.15950916858531525,1.0992194,0.45367935,VARIABLE,0,
5052876333365036928,44.36088479989624,-31.096292745521065,9.737168538135279,19.888165,3.074171,19.946001084451794,12.93383696854603,,,12.032,11.6,0.43199920654296875,0.9524849405110207,1.1616254,2.4237995,NOT_AVAILABLE,0,
1749030362195988096,307.6793554237034,7.826109074596544,9.727952752154815,20.135214,3.221901,20.195106588917955,13.37889298112987,,,12.966,12.129,0.8369998931884766,2.7982199212279095,1.2712873,3.575982,NOT_AVAILABLE,0,
4698424845771339520,25.75030396963025,-67.31295815760012,9.717438137675135,13.696558,0.6537342,13.758799075938928,12.641241550304162,,,12.572,12.576,-0.004000663757324219,-1.0345245603041138,1.049109,0.0,NOT_AVAILABLE,1,
1725759404752580736,211.37927527966667,83.8427056014529,9.666745773179333,20.120592,2.5086575,20.19419063138826,12.921598086832596,,,12.109,11.509,0.6000003814697266,1.7181272112246706,1.2536145,3.2419183,NOT_AVAILABLE,0,
43574131143039104,58.17597943609416,17.014956629753385,9.661761623516874,12.176142,3.2023096,12.250860147382692,8.127718858625368,,,7.873,7.679,0.194000244140625,-0.13216262865428424,3.7299998,0.71435624,NOT_AVAILABLE,1,
6779821003058453120,312.5691416793731,-34.413153176093374,9.603287149971331,12.0486,3.1831532,12.136500621881295,8.08490064248066,,,7.807,7.619,0.18800020217895508,-0.15950699546548602,1.2660687,0.2363243,NOT_AVAILABLE,0,3036.393
2188318517720321664,306.5243172601894,58.57537971545967,9.574741837710102,12.352267,3.3413076,12.446631900403437,8.189364902112422,,,7.877,7.717,0.15999984741210938,-0.28711476495770405,1.4186227,0.31518134,NOT_AVAILABLE,0,2982.6692
3478127467639543296,173.62327851191714,-32.83031725241797,9.555019338970476,14.548313,0.93699646,14.647155288937705,,,,,,,,0.9809088,0.0,VARIABLE,0,
628080246633611520,148.4782397121578,20.948079178895128,9.545277410572863,12.36353,3.1983938,12.464587385798495,8.42705744042496,,,8.126,7.916,0.21000051498413086,-0.05924359278446976,1.1769322,0.22379768,NOT_AVAILABLE,0,3006.4802
970354749937140736,90.62210758518228,49.86182103675996,9.527533063299012,12.681532,3.4047127,12.786629583255685,8.540098096744455,,,8.188,8.03,0.15799999237060547,-0.29622882952149493,1.278541,0.2809829,NOT_AVAILABLE,0,
1040827088726734976,130.331590389547,59.49165865053633,9.49726188903825,13.082282,3.6711798,13.194289996681857,8.780008151589083,,,8.43,8.215,0.21500015258789062,-0.03645843137499263,1.2506707,0.26401883,NOT_AVAILABLE,0,
4147112604476417792,271.43447434344563,-14.378357625594514,9.476613658531562,13.255206,3.6783772,13.371940229495936,8.97773418243783,,,8.646,8.444,0.20199966430664062,-0.09570637039912085,1.1076492,0.21442741,NOT_AVAILABLE,0,2883.7341
5368479017141170304,179.85615309644894,-52.78916142373409,9.460269566928538,16.013762,5.132373,16.13424396218143,10.442481991661412,,,10.02,9.738,0.2820005416870117,0.2688866358301224,1.4272265,0.83115506,NOT_AVAILABLE,0,
3186021141200137472,69.44860243520402,-8.826516218606763,9.403888477760562,13.600672,0.5692425,13.734134417614943,12.8964621840334,,,12.69,12.67,0.01999950408935547,-0.9251470930593066,0.9962089,0.0,NOT_AVAILABLE,0,
4667836363565989120,55.03513536747006,-67.39901254142404,9.358022150355529,20.045534,3.3193321,20.189613789768288,13.069079846592016,,,12.06,11.509,0.5510005950927734,1.49481741757299,1.1887661,2.349858,NOT_AVAILABLE,0,
4485574134969389312,275.3683665207943,14.23247324605056,9.342834396290403,18.652378,4.288332,18.799984827502335,11.797606363757216,,,10.853,10.475,0.37799930572509766,0.7063878123300339,1.155821,0.9776832,NOT_AVAILABLE,0,
423027104407576576,2.874734923550554,59.13922658078038,9.312090661419163,13.467986,3.8216057,13.62275012904066,9.247764434155407,,,8.87,8.651,0.21899986267089844,-0.01823030224741093,1.1403797,0.25240257,NOT_AVAILABLE,0,
5381537023379295744,176.62723833501605,-40.49486212870635,9.30892991750101,11.724745,2.9091444,11.880245993153629,8.116501162068424,,,7.238,6.785,0.4530000686645508,1.0481934840299707,1.5809392,0.28520587,NOT_AVAILABLE,0,3003.0886
1227133699053734528,214.1007048706065,13.807844590980304,9.281819585805296,18.328342,4.8703938,18.490176824639306,12.275834707329738,,,11.363,11.026,0.33699989318847656,0.5195386231731753,1.1538543,1.3466027,NOT_AVAILABLE,0,
2571094283835172736,30.56463581614585,10.335957901329609,9.237171918712672,13.43526,3.8737068,13.607564685925963,9.100305317029479,,,8.685,8.49,0.19500064849853516,-0.12760342325255958,1.6939517,0.3740507,NOT_AVAILABLE,0,
4371611781971072768,267.6016120498805,-0.26995464832350585,9.209722711385696,,,,12.027767204372935,,,11.182,10.906,0.2760000228881836,0.24154009589909137,1.053295,0.95098466,NOT_AVAILABLE,0,
3303349202364648320,58.84840242722281,11.559360051407344,9.162702455954694,19.535187,3.5753174,19.725068848686877,11.715882103996936,,,10.526,9.944,0.5819997787475586,1.636091937671236,1.2104801,2.1846824,NOT_AVAILABLE,0,
5717278911884264576,115.0860829678518,-17.415137719851018,9.152942538143122,13.95689,4.3793364,14.149086426776762,9.483196686786528,,,9.064,8.831,0.2329998016357422,0.04557249593878348,1.0867008,0.32459313,NOT_AVAILABLE,0,
5717278911884258176,115.09192337695882,-17.41606611553706,9.145452097433928,12.970207,0.341712,13.164181317798635,12.776974286548635,,,12.44,12.432,0.007999420166015625,-0.9798358266817102,1.022184,0.12015553,NOT_AVAILABLE,0,
6109949904687424640,212.99539892266262,-41.539721990460095,9.113087182469068,13.419059,3.9311018,13.620731174380717,8.821672260196147,,,8.405,8.197,0.20800018310546875,-0.06835983046808984,9.244064,1.8627399,NOT_AVAILABLE,0,
954697944875755136,103.12722334041374,47.17695671420637,9.110367513834772,18.781694,4.2240677,18.984014928018986,11.896320759928164,,,10.879,10.508,0.3709993362426758,0.6744864132369367,1.2040663,1.6375432,NOT_AVAILABLE,0,
2349916559152267008,10.356219925370175,-22.35233354272889,9.096893055497858,14.297183,0.91118336,14.502717591270654,13.943534470543115,,,13.789,13.931,-0.1420001983642578,-1.663438477602267,0.98814744,0.0,NOT_AVAILABLE,0,
74203982469858816,34.126686286501574,13.584959360471915,9.095044376447385,13.555757,3.9364405,13.761732456859388,9.186975834544935,,,8.747,8.54,0.2069997787475586,-0.07291903586981449,1.5646341,0.37249973,NOT_AVAILABLE,0,
5164120762333028736,55.811663307520355,-9.760083664068041,9.088811163099756,3.2755666,1.1661985,3.483031176692152,1.8264645568191051,,,-0.947,0.492,-1.4390000402927399,-7.574337044367024,2.9923291,1.136238,NOT_AVAILABLE,0,
2964000159821218432,86.11439122579156,-22.45002336420253,8.905034452470854,3.476823,0.7528229,3.7286450713376897,2.7598218768339056,,,,,,,3.2323093,1.2127646,NOT_AVAILABLE,0,6149.223
5260451999698559872,97.69447071943821,-76.71691328105032,8.88109298852919,13.44563,,13.703297986953542,8.18066777226238,,,7.696,7.516,0.18000030517578125,-0.19596542684047866,2.2610457,1.2177197,NOT_AVAILABLE,0,
4736655036868019072,53.56719574134565,-49.89008390582608,8.880209012619966,15.837138,5.1870556,16.095022236733946,10.649884259133847,,,10.084,9.726,0.3579998016357422,0.6152428204524669,1.004608,0.53113127,NOT_AVAILABLE,0,
5260451999700465536,97.69292692592067,-76.71700457680214,8.876390924131679,13.199735,3.888235,13.458552584327862,8.181817755378887,,,7.696,7.516,0.18000030517578125,-0.19596542684047866,1.2741823,1.0180957,NOT_AVAILABLE,0,
2794735086363871360,9.07135464103575,18.35341013813914,8.735649021324443,17.495636,4.5338573,17.789160102636153,11.351523727208907,,,10.536,10.245,0.2910003662109375,0.3099020994870104,0.9693718,0.8192031,NOT_AVAILABLE,0,
4960651016012601856,24.841366809333778,-39.60350836178757,8.725696164068099,12.568368,3.4673643,12.864367525957391,8.569999735735223,,,8.078,7.884,0.194000244140625,-0.13216262865428424,1.6810843,0.4113602,NOT_AVAILABLE,0,
3464485826872541440,175.34234990922278,-36.40821490897027,8.689345557963357,11.583742,3.0470934,11.888806798759973,8.004064538780725,,,7.453,7.297,0.15600013732910156,-0.30534289408528575,1.3931135,0.2880852,NOT_AVAILABLE,0,3080.901
5761985432616501376,133.39836837028676,-3.4931644292214545,8.658940445230424,15.888929,4.758255,16.201605603827606,10.254676625861297,,,9.624,9.381,0.24300003051757812,0.0911471649973962,0.8789975,0.396543,NOT_AVAILABLE,0,
1165479168642900992,232.625560005462,9.434551385099411,8.617535520380574,13.07033,3.705145,13.393414255187444,8.984084840819769,,,8.434,8.229,0.2049999237060547,-0.08203310043360534,1.4578861,0.31493387,NOT_AVAILABLE,0,
3179036008830848,48.353258238212746,4.775200170986658,8.600832525048444,12.101368,3.3437214,12.428665494491838,8.160297727157854,,,7.596,7.451,0.14499998092651367,-0.3554745954257939,1.450144,0.3534531,NOT_AVAILABLE,0,2962.7512
3705324881045028992,195.13547450286052,5.686566854184026,8.544620063002974,11.772939,3.1874819,12.114474945541247,8.001536064620836,,,7.413,7.274,0.13899993896484375,-0.3828189622369957,1.09829,0.4443276,NOT_AVAILABLE,0,
2611561706216413696,343.48356406407754,-6.784830206077555,8.5368779592979,15.421229,1.420248,15.764733997889874,13.88950416237962,,,13.325,13.25,0.07499980926513672,-0.6744907594765952,0.9293217,0.0,NOT_AVAILABLE,0,
5639391810273308416,130.37950135632184,-32.93649496565008,8.518168691124869,11.822395,0.23041058,12.17066414243817,11.895268749066588,,,11.567,11.598,-0.030999183654785156,-1.1575666050351194,1.3352805,0.17744187,NOT_AVAILABLE,0,
6021430250773733632,245.00935124845444,-37.52540960854646,8.497683642357682,12.898023,3.501872,13.251519857476435,8.118497072289667,,,5.66,5.358,0.3020000457763672,0.3600316277076893,0.9960213,0.61107355,NOT_AVAILABLE,0,
3377365057060447616,96.17468890917205,23.430778569567785,8.494280859116913,11.662542,2.960165,12.016909260038164,8.265366691831376,,,7.687,7.489,0.1979999542236328,-0.11393449952670255,1.1740257,0.224125,NOT_AVAILABLE,0,
2202703050401536000,327.91636041932077,59.2929297833234,8.463449234521091,14.373105,1.05058,14.735368081319894,13.016263314474191,,,,,,,1.0251036,0.0,NOT_AVAILABLE,0,
5224460173763882496,174.52796501310212,-77.3607589439316,8.379287501405926,12.816201,3.588379,13.200165751335469,8.904964449760762,,,6.839,8.171,-1.3319993019104004,-7.0866958815072545,1.2848089,0.3461075,NOT_AVAILABLE,0,
2159844052779000064,275.6038379584113,62.04499387477445,8.35060064355579,11.824005,3.159114,12.215416553846378,8.134411457410831,,,7.505,7.381,0.12400007247924805,-0.45117879270508554,0.9660667,0.38880232,NOT_AVAILABLE,0,
3713594960831605760,204.11607940811783,3.674479286708736,8.350269315982858,14.376431,1.1483755,14.767929051468002,13.081497166702377,,,12.615,12.554,0.06099987030029297,-0.7382935576627896,1.0317168,0.0,NOT_AVAILABLE,0,
4594497769766809216,266.6132135058437,27.717275040505413,8.338558240315328,3.2384055,1.0220034,3.632950633996261,1.9055452051098474,,,,,,,3.8826666,1.3949356,NOT_AVAILABLE,0,
4994877094997259264,0.5484242194982256,-43.16843961826971,8.332342480559642,12.895188,0.30948067,13.291352770328423,12.841164133548638,,,12.471,12.515,-0.04400062561035156,-1.216818890298906,1.1379193,0.13339475,NOT_AVAILABLE,0,
4479498508613790464,279.8817390588379,9.02862549790261,8.19814502127301,19.08993,2.416628,19.52135159813568,15.116422437063903,,,14.637,14.801,-0.1639995574951172,-1.7636975340436247,1.9077452,3.3293445,NOT_AVAILABLE,0,
5273943488410008832,118.30118445721946,-67.79867244988867,8.169065726489029,13.777515,0.85930157,14.216653459823666,12.80113851383978,,,12.294,12.291,0.0029993057250976562,-1.0026231612110166,1.0526336,0.0,NOT_AVAILABLE,0,
3320184202856435840,89.10409821980528,5.359344709329013,8.116958675412537,13.9694195,0.83092594,14.422452804780363,13.106033203339933,,,12.573,12.561,0.012000083923339844,-0.9616033513144701,0.9165941,0.0,NOT_AVAILABLE,0,
3698534434669937024,183.56472559955648,0.6227271293051196,8.087804009453045,11.828689,3.3687391,12.289535528935378,8.00084686926741,,,7.236,7.12,0.11600017547607422,-0.48763722408007815,1.4171335,0.35039315,NOT_AVAILABLE,0,
1954170404122975232,327.0723954642871,40.068517793015445,8.085693084218642,19.792591,3.1458378,20.25400483291092,12.22641408126297,,,10.756,10.243,0.5129995346069336,1.3216328059023301,1.0151764,1.1096946,NOT_AVAILABLE,0,
786834302080370304,177.7301638123558,48.373099796519554,8.042608135097316,11.684706,3.1420422,12.157721190137725,8.110015539808135,,,7.333,7.201,0.13199996948242188,-0.4147203613300929,0.99174666,0.48847103,VARIABLE,0,
3288921720025503360,72.46212402119102,6.9613310085374644,8.024406945377248,3.0879216,0.8058183,3.5658568936990003,2.077935298125575,,,-0.029,0.222,-0.2510000020265579,-2.1601901057961093,3.9249425,1.3769909,NOT_AVAILABLE,0,6154.11
5535361753834861312,115.04626042327716,-42.958948811779244,7.980664733490498,12.030774,3.3734112,12.52057878378277,8.257804793151667,,,7.558,7.395,0.16300010681152344,-0.27344149499218856,1.0951318,0.25223058,NOT_AVAILABLE,0,2960.3953
4145870293808914688,271.88396508794,-15.964616826018132,7.97124899524026,11.863026,3.2195606,12.355393789016315,8.31936826487691,,,7.482,7.323,0.15899991989135742,-0.2916717972395995,0.9193124,0.20591058,NOT_AVAILABLE,0,
4468009917744160000,270.1111446302847,1.58076369973362,7.809167892494411,19.549429,3.7365513,20.08640513979954,12.95797572695774,,,11.543,11.073,0.4700002670288086,1.1256695521816806,1.183293,2.1392925,NOT_AVAILABLE,0,
2161121135533953536,270.57119282072466,64.26058361909148,7.793888452108804,11.758081,3.2589169,12.299310507254859,8.193229021506568,,,7.449,7.246,0.20300006866455078,-0.0911471649973962,1.4476835,0.30729705,NOT_AVAILABLE,0,3004.6438
3365063724883180288,104.87435115776526,19.344873685053248,7.752743411897241,12.776403,3.7366943,13.329126374064295,8.7827224891766,,,7.985,7.816,0.16900014877319336,-0.24609712818098678,1.610747,0.4543598,NOT_AVAILABLE,0,
2322561156529549440,6.183609706573537,-27.13725776001971,7.732950870869106,13.142607,3.966424,13.700880480135332,8.799273920381914,,,7.811,7.613,0.1979999542236328,-0.11393449952670255,1.2902238,0.8274436,NOT_AVAILABLE,0,
6135947032490329472,194.7766445532381,-43.607963562590925,7.726256244989578,14.83373,4.9685793,15.393884205796539,10.080154919602691,,,9.232,8.929,0.30300045013427734,0.364590833109414,1.0970733,0.49948862,NOT_AVAILABLE,0,
2257597439718033536,274.74325647947336,66.19061665488063,7.642158820098296,11.911708,3.1288576,12.495627583128138,8.531919659238978,,,7.707,7.533,0.17399978637695312,-0.22331196677150966,1.2865149,0.24339274,NOT_AVAILABLE,0,
4286249341336984576,282.0747587449577,7.690323894810538,7.61736403626775,12.296879,3.5128498,12.887855258888386,8.503976551002644,,,7.696,7.514,0.18200016021728516,-0.1868513622766878,1.1973784,0.3160418,NOT_AVAILABLE,0,2928.8215
4683897617110115200,6.482504988433097,-77.25279546754571,7.478346136538074,2.6807318,0.92413735,3.311703959985177,2.0029721656278774,,,-0.655,-0.307,-0.3479999601840973,-2.602254086927463,3.6459582,1.6469059,NOT_AVAILABLE,0,
6306068659857135232,226.94794579637428,-16.46512505032577,7.410294559480446,17.951569,4.8324833,18.602391245795506,11.962822916938084,,,10.67,10.369,0.30099964141845703,0.35547242230596465,1.1632786,1.140627,NOT_AVAILABLE,0,
3426333598021539840,91.91027346627297,24.497694088057266,7.2431446445831105,19.520273,4.24745,20.220637418182,13.169364072234735,,,11.539,10.938,0.6009998321533203,1.7226820703867367,1.1278652,1.7904494,NOT_AVAILABLE,0,
2595284016771502080,335.78059284429975,-17.610507570693272,7.234424215105318,11.550707,3.3034801,12.253687005860833,8.02197990976098,,,7.013,6.9,0.11299991607666016,-0.5013104940455937,1.1723644,0.27750286,NOT_AVAILABLE,0,
5753687109122994048,128.9248121022928,-8.321818266749508,7.229887989694609,,,,11.840341834748633,,,10.407,10.048,0.35899925231933594,0.6197976796145331,1.4177389,1.121614,NOT_AVAILABLE,0,
2640434056928150400,353.7970694377148,-2.3927993943668993,7.176747099456762,12.623748,3.7062197,13.344109613372485,8.903361398650805,,,7.972,7.796,0.17600011825561523,-0.21419572908788959,1.1472371,0.31104505,NOT_AVAILABLE,0,2863.0981
4780100658292046592,62.61100025779547,-53.61299677064624,7.107519546845208,11.902864,3.2036524,12.644274142450648,8.641409781641322,,,7.655,7.494,0.16100025177001953,-0.28255555955597944,1.2592598,0.24950162,NOT_AVAILABLE,0,
6224387727748521344,224.1569594505724,-28.167254151481732,7.052727336240766,14.061078,4.7689047,14.819292601509932,9.686214980049972,,,8.718,8.505,0.21300029754638672,-0.04557249593878348,1.2567197,0.4662335,NOT_AVAILABLE,0,
2019802555283940608,292.17175325969595,23.935004798378436,6.83028710525489,20.63769,3.4787922,21.465494794149436,14.436805409688986,,,13.574,12.023,1.5510005950927734,6.052180013682458,1.2424808,5.1297913,NOT_AVAILABLE,0,
3098328182579892096,122.99468256110134,8.750401522062495,6.769479329847251,11.397289,2.992114,12.244512943679677,8.50722351496874,,,7.184,7.113,0.0710000991821289,-0.6927188886041769,2.0968676,0.64233726,NOT_AVAILABLE,0,
1237090738916392704,222.8480514738455,19.100269640072455,6.7535853345785215,4.4804826,0.92511153,5.332810619576653,2.823327997430047,,,,,,,1.0991775,0.8707373,NOT_AVAILABLE,0,5386.0786
1237090738916392832,222.8466426652314,19.101104107947574,6.7485801774962875,6.4300914,1.5178809,7.284029321317158,2.8249378963751415,,,,,,,1.5099552,0.21679328,NOT_AVAILABLE,0,4244.478
6153483658836320384,189.70080543573764,-38.387409124376816,6.663196950590092,11.226226,3.0590277,12.10781260135596,8.267586904792239,,,7.156,6.945,0.2109999656677246,-0.05468873362240356,1.3560535,0.27597126,NOT_AVAILABLE,0,
4339417394313320192,253.89324627148858,-8.398523023114832,6.494946127857998,13.813289,4.7289762,14.750410922754565,9.753122218836108,,,8.619,8.393,0.22600078582763672,0.013675443085344735,1.0465386,0.40492585,NOT_AVAILABLE,0,
3907283967108054528,184.74174734459442,11.126952372027485,6.464126760044794,11.926109,3.5332613,12.873559992638224,8.517450850334757,,,7.265,7.125,0.1399998664855957,-0.3782619299551003,1.3976034,0.34254098,NOT_AVAILABLE,0,2912.4417
3022956969731332096,88.79209555773647,-4.1789270915525885,6.441748831195825,14.236672,1.1336575,15.191653464759808,13.73198149057768,,,12.543,12.498,0.04500007629394531,-0.8112104204127748,1.0328441,0.0,NOT_AVAILABLE,0,
4860376345833699840,54.898570206777336,-35.42759363988114,6.426809022926656,15.439572,5.057251,16.399595360582754,10.508023361986563,,,9.134,8.803,0.33099937438964844,0.49219208324214436,0.9987006,0.49641728,NOT_AVAILABLE,0,
1267906854386665088,225.8321422585927,25.424644489819656,6.419481134479995,20.274647,3.2822914,21.237147124560202,14.925500663073386,,,13.436,11.72,1.7159996032714844,6.804140321951276,1.2737702,3.9954634,NOT_AVAILABLE,0,
685103912857072640,135.09564332221345,21.8320625969277,6.358549317129272,13.413064,4.3995686,14.396273782790495,9.420210054457975,,,8.215,8.023,0.1920003890991211,-0.1412766932180751,1.2278774,0.389957,NOT_AVAILABLE,0,
1638979384378696704,267.01612290514834,70.88157381434476,6.211363574721487,13.778201,1.0028296,14.812266348727977,13.54106521499995,,,12.403,12.397,0.005999565124511719,-0.988949891245501,1.0637181,0.0,NOT_AVAILABLE,0,
2572901021957789568,24.24124978791965,9.563070454755835,6.118159561774398,19.461197,3.4663029,20.528092903370414,13.628896278614556,,,11.941,10.964,0.9770002365112305,3.436252249329512,1.1058807,1.7977611,NOT_AVAILABLE,0,
4109030160308320128,258.83412017812816,-26.606806615399403,5.952271867918357,4.831335,1.0583043,5.957921271558326,2.9665862371879035,,,,,,,0.6913257,0.55102795,NOT_AVAILABLE,0,4991.236
4109030160308317312,258.83511696459266,-26.60789783205067,5.947768672408884,4.828591,1.0597496,5.956820524461981,2.9682296879370176,,,,,,,0.66811454,0.55409306,NOT_AVAILABLE,0,4997.0127
4293315765165489536,289.2373736967538,5.14437331543419,5.918781039368104,14.3032875,4.971408,15.44212613666587,9.903838973885108,,,8.535,8.317,0.21799945831298828,-0.022789507649135586,1.2698908,0.5692136,NOT_AVAILABLE,0,
6305165514134625024,224.97665286074593,-18.53775641089888,5.746290772483888,20.435377,1.975874,21.638439129564496,,,,16.878,16.968,-0.09000015258789062,-1.4264554139850711,1.0239208,1.566254,NOT_AVAILABLE,0,
2091177593123254016,278.90744884954285,32.994787158699616,5.688509718027581,14.850962,5.1506624,16.07596916340703,10.396007005203906,,,8.837,8.56,0.27699947357177734,0.24609495506115756,1.0964748,0.5009722,NOT_AVAILABLE,0,
470826482637310848,67.81389197465391,58.969481205135885,5.516541121244473,12.33619,0.44229984,13.627855924532119,13.742665914461318,,,5.505,5.252,0.25300025939941406,0.1367218340560089,0.92638206,0.13835116,NOT_AVAILABLE,0,
3187115498866675456,75.4868052125233,-6.948587409027854,5.374996643902874,10.649305,3.0327492,11.99741435653615,8.084109073943377,,,6.548,6.281,0.2669997215270996,0.20052245912237407,1.1008298,0.20986211,NOT_AVAILABLE,0,
5985290231327158144,235.1951774625917,-51.028101306904475,5.326828049328511,12.7359295,4.2261887,14.10358609947954,9.310656450126512,,,7.632,7.465,0.16699981689453125,-0.25521336586460686,1.0455922,0.42432746,NOT_AVAILABLE,0,
5278042880077383040,124.37351805519963,-61.91613022264878,5.21277939085435,20.009703,3.511303,21.42435595442817,14.934653729696723,,,12.972,11.265,1.7069997787475586,6.763124858294387,1.2428653,2.7510154,NOT_AVAILABLE,0,
1695191332232990720,226.70263614661923,70.46161913358111,5.156201115944601,20.199528,3.4400425,21.637878497845993,15.264350970990524,,,13.403,11.276,2.126999855041504,8.677217496359537,1.3111067,4.5216527,NOT_AVAILABLE,0,
660597997696173440,134.55918967906837,19.762959843487355,5.150807689920019,11.96628,3.7769175,13.406903306497407,8.329623261941743,,,6.642,6.333,0.30900001525878906,0.39193302680078657,2.5737846,0.85176545,NOT_AVAILABLE,0,
660597997697274752,134.5586915113887,19.76257888198771,5.095231766067857,12.48557,4.038414,13.949750236509377,8.353180221555764,,,6.642,6.333,0.30900001525878906,0.39193302680078657,3.5390558,1.1819001,NOT_AVAILABLE,0,
3195919254111315712,63.830787524383176,-7.672952135407352,5.007735116119533,9.54224,-0.1910038,11.044033398689425,11.362793316902316,,,5.701,5.325,0.37600040435791016,0.6972780940059016,1.1953526,0.4051379,NOT_AVAILABLE,0,
778947608243864320,166.35208967877313,43.52590762036144,4.905992744211656,12.257253,3.8549728,13.80361818535233,9.385365717243198,,,7.512,7.34,0.17199993133544922,-0.23242603133530051,1.0334092,0.3197861,NOT_AVAILABLE,0,
4752399493622045696,43.77198593477078,-47.01672835622661,4.8679546518290975,18.57293,4.87331,20.136196763120893,13.121266991697555,,,10.769,10.207,0.5620002746582031,1.544946945793669,1.1210604,1.4000083,NOT_AVAILABLE,0,
2441630500517079808,1.6763504259443918,-7.5464753252597605,4.846134286424774,11.773832,3.6749277,13.346855099805815,9.01202290833853,,,7.155,7.029,0.12600040435791016,-0.44206255502146546,1.3369209,0.35831392,NOT_AVAILABLE,0,
5254061535106490112,161.08527551332452,-61.20263830459439,4.83162335968976,11.859422,3.6814375,13.438956368515596,9.307534802506074,,,7.461,7.271,0.19000005722045898,-0.15039293090169517,0.9512852,0.50848705,NOT_AVAILABLE,0,
2079073928612821760,298.48192590176114,44.41290615922913,4.660385954058287,11.908311,3.822524,13.566201466858391,9.044890660583977,,,7.117,6.93,0.18700027465820312,-0.16406402774738144,1.6106331,0.53836215,NOT_AVAILABLE,0,
5332606522595645952,176.45664661730092,-64.843052846102,4.636600125791626,11.423104,0.28574753,13.09210607288967,12.773001878248557,,,11.038,11.091,-0.05299949645996094,-1.2578300077161357,0.8742317,0.1442787,NOT_AVAILABLE,0,
3757613049856225792,162.05518399901217,-11.342803319735205,4.559335387524727,12.837447,4.5808744,14.542939464707189,9.631492416519933,,,7.662,7.5,0.16200017929077148,-0.277998527274084,1.1384968,0.46363658,NOT_AVAILABLE,0,
76868614540049408,30.058987047653364,13.044071201123836,4.4696315690373,10.681062,3.188181,12.429703115751265,8.396641134550093,,,6.464,6.18,0.2840003967285156,0.2780007003939132,1.8699315,0.4291863,NOT_AVAILABLE,0,
2552928187080872832,12.296740250462333,5.376556608426358,4.314436111908938,12.299163,0.5975876,14.124542652944797,13.323379933218234,,,11.41,11.357,0.05299949645996094,-0.7747541621576115,1.2103684,0.10576628,NOT_AVAILABLE,0,
5393446658454453632,162.05388771666577,-39.93962594730691,4.045052387065994,14.005882,5.153656,15.971261510739595,10.412378797421724,,,8.08,7.798,0.2820000648498535,0.26888446271029315,1.0446762,0.45679367,VARIABLE,0,
6439125097427143808,281.29804386226,-63.96056736658412,4.005364851523573,14.005345,5.11292,15.992134932471657,10.494789961768532,,,8.15,7.797,0.3529996871948242,0.5924554859231607,1.2620903,1.1328999,NOT_AVAILABLE,0,
35227046884571776,43.26964247679057,16.86437381897744,3.831587320084787,12.263103,4.5285025,14.346208894564047,9.668106401277914,,,7.145,6.98,0.16499996185302734,-0.26432743042839774,1.3042897,0.5613684,NOT_AVAILABLE,0,
2358524597030794112,18.13325425370941,-16.996154872479234,3.71668036033956,10.436525,3.1970692,12.585749280975888,8.5692240124212,,,6.164,5.914,0.25,0.12304856409049339,1.0011495,0.22422421,NOT_AVAILABLE,0,
6412596012146801152,331.07645259656397,-56.79381206688221,3.6946991407427134,18.030664,5.0819645,20.192769046059762,13.370104785195505,,,10.718,9.492,1.2260007858276367,4.571038039194812,4.2955413,5.842894,NOT_AVAILABLE,0,
4848140361962951552,54.00339387736301,-44.51436231604776,3.6742884279086314,10.995456,3.6653757,13.16958951696462,8.7841339085967,,,6.387,6.103,0.2839999198913574,0.277998527274084,1.1922306,0.34872147,NOT_AVAILABLE,0,
703790044252850688,127.45009240230564,26.77328596508202,3.5810252189347667,12.167455,4.3975945,14.397417822099632,9.48996333143801,,,6.946,6.782,0.1640000343322754,-0.26888446271029315,1.1545533,0.4929408,NOT_AVAILABLE,0,
385334196532776576,4.625300681217554,44.02874451664357,3.5625891382907127,9.686646,2.8360271,11.927817764076298,8.189171256813115,,,5.915,5.474,0.44099998474121094,0.9935047504075672,1.1803766,0.21710557,NOT_AVAILABLE,0,3020.2869
3796072592206250624,176.93768799004127,0.7991199702364985,3.374897355164646,9.601,3.0332584,11.959696988930675,8.012696962227794,,,5.437,5.068,0.3689999580383301,0.6653745217929751,1.0825819,0.2159712,NOT_AVAILABLE,0,3093.4
1926461164913660160,355.4800152581559,44.170375700747755,3.159745481768476,10.379277,3.5294142,12.881016721779119,8.430739393287908,,,5.734,5.427,0.30700016021728516,0.3828189622369957,1.0273284,0.32418355,VARIABLE,0,
4075141768785646848,282.4587890175222,-23.83709744872712,2.9759548649868903,9.126414,2.8340364,11.758282598169881,8.001868184717733,,,5.19,4.865,0.3250002861022949,0.46485206267060103,0.98801184,0.183824,NOT_AVAILABLE,0,3117.376
5140693571158739840,24.771554293454546,-17.948299887129313,2.7195203918735054,10.507542,3.7529564,13.33508005825072,8.170538336906725,,,5.115,4.697,0.4179997444152832,0.8886843154446555,12.367461,4.83881,NOT_AVAILABLE,0,
5140693571158946048,24.771674208211856,-17.947682860008488,2.674910296032687,10.817838,3.8285542,13.68129160315939,8.206453823160611,,,5.115,4.697,0.4179997444152832,0.8886843154446555,10.453167,3.8557587,NOT_AVAILABLE,0,
2947050466531873024,101.28662552099249,-16.720932526023173,2.6703012063129745,8.524133,-0.27842712,11.391331468829362,1.4771987545578167,,,1.883,0.726,1.1570000052452087,4.256576462666099,2.4190555,1.4752191,NOT_AVAILABLE,0,
3864972938605115520,164.10319030755974,7.002726940984864,2.408597252748958,11.038391,4.1848364,14.129570179980167,9.175179177325138,,,5.836,5.457,0.379000186920166,0.7109491908515878,0.8353354,0.5361268,NOT_AVAILABLE,0,
4472832130942575872,269.44850252543836,4.739420051112412,1.828233981355542,8.1939745,2.8336968,11.883815610404723,8.21384128331732,,,4.358,3.658,0.6999998092651367,2.1738608630918224,1.0848505,0.20481846,NOT_AVAILABLE,0,3099.6335
5853498713190525696,217.39232147200883,-62.67607511676666,1.3019705311704333,8.984749,3.8045802,13.411743067769109,8.810994051961003,,,4.207,3.779,0.42799973487854004,0.9342578979433537,0.97145325,0.48888475,NOT_AVAILABLE,0,2829.3542
