source_id,l,b,dist_pc,joint_d2,top_driver,M_Ks,residual,bp_rp,ruwe,teff_gspphot,phot_g_mean_mag
4206106140635614976,28.78005706772085,-5.557338203300356,473.7816403827253,582.1827165980768,teff,5.325244633103288,-0.13486420040760372,2.2362995,1.0732694,6010.144,17.236748
231855429998870528,154.76294231396224,-6.6327436032705105,463.94233048570703,582.0493223198667,teff,5.22332698237864,-0.12974935208825578,2.2328205,1.033314,6054.2207,17.180302
4081677197174209408,13.550115504214823,-11.59138334382499,471.522079641373,570.3412756611941,teff,5.245456620628197,0.006125889969984755,2.246872,1.029711,6005.1177,17.103323
6322439357203684096,353.911745136181,41.611435652748554,450.6413927682633,559.1580275403503,teff,5.227232939434301,0.08198013882982735,2.2365484,0.93397796,6016.1157,16.860807
2832612093710409216,90.87480996248411,-34.730263926263426,457.7116716938322,557.97915295773,teff,5.39378685149734,-0.07051589254358781,2.217495,0.9688513,6003.9214,17.148872
4201242588388300672,27.360127261428058,-8.672706779231785,460.8874469302671,553.5700560341988,teff,4.822458926389275,0.2765235921740139,2.283967,0.92404944,6005.141,16.77897
3391482274877560064,187.8846161857724,-16.086251374147952,462.32133793264825,552.1370636302624,teff,5.142842435889911,-0.009563114727193067,2.2847404,1.0612099,6003.4634,17.107971
2869909452270480000,103.33113296698288,-28.645205366528533,466.3211215281806,552.1320064028097,teff,5.31763678747062,-0.12093655199633879,2.2004642,0.9842103,6006.3047,17.131065
4075224880668156032,11.69123090765644,-11.761670729653133,477.13256973502746,548.3173506629868,teff,5.15052739682225,-0.11345637561819366,2.1883965,0.9228337,6004.007,17.157572
4357569777235200640,11.29050008774696,29.346429383321567,468.93675109383173,546.5461090535428,teff,5.1411133615038525,0.06268474817133196,2.2359638,0.94822675,6005.055,17.232403
6872194312102358400,25.627192751286053,-20.78658094261604,476.82940540800905,543.8597391642675,teff,5.208065913515868,0.11561398725783789,2.2394466,1.0473582,6005.53,17.189241
101520043192140288,150.85225167784623,-34.01053810936186,487.1029538237077,539.7670867321368,teff,5.235667878363813,-0.025399394340338333,2.1834202,1.0243362,6004.986,17.174477
5379931461525466880,291.10213476642997,18.233364826370927,473.18706924540913,539.1916647342848,teff,4.905866431819716,0.17549096666005326,2.2215862,0.9689105,6016.9116,16.794687
6761814717760908160,7.704579887856103,-14.137832854402403,474.6032519607728,534.2755891258959,teff,4.820443354719072,0.23762081342751795,2.242175,1.0018953,6005.1245,16.686249
4183744277449329408,26.94448238061917,-16.929305238083263,481.07712467132103,534.0784310699808,teff,5.198152651117969,-0.06315457491466603,2.1538925,0.9396777,6016.608,17.034132
92997522406557568,147.22917716681462,-40.196357318452705,458.09812547748675,533.0531897277085,teff,5.202607686960774,-0.021005089618446604,2.221881,0.99514693,6005.3423,17.047804
63608263791758336,167.89222464532634,-25.457606052358134,459.1323432158913,532.7696910632535,teff,4.708566934589579,0.1885030166779691,2.2785091,0.9670359,6004.7617,16.647615
4195087801473917056,31.777711725175145,-14.416791106446937,467.62980913799197,529.9413987600282,teff,4.800427932574533,0.05016579247262598,2.1717472,1.0822108,6005.052,16.722473
6213936560480423168,337.77854360781777,25.104519672554062,450.4316449333813,528.7706281897059,teff,5.321441663296284,0.048129589051210786,2.2030182,0.99090064,6004.584,17.092104
6037472640818170624,346.4068905926086,13.955456885355048,456.03359173856944,524.3751097545841,teff,5.033812299895824,0.003853376908518058,2.2199402,1.0807328,6003.5557,16.846731
4390648176538057344,28.936969267924,20.95677829232558,471.7193511620102,524.063149306005,teff,5.2739389147772755,0.03015942725696874,2.171441,1.0310011,6002.916,17.03327
4404884240778428800,7.234918075741073,34.25829649772056,478.99772145533575,523.5117910337342,teff,4.620807524538969,0.19572857790351517,2.1714773,1.0694592,6031.364,16.638184
265246945296085888,157.2837040725014,13.538127383599427,450.4966686424175,522.8198176820782,teff,4.709511391571102,0.15170059086055065,2.1661215,1.0241802,6014.012,16.413887
4207466408319920128,32.34145570104687,-12.774020025687868,472.60167432747676,522.0184265110762,teff,4.914212106875089,-0.0471681780283717,2.2155771,1.0740614,6004.3267,16.922964
6250889806259547008,357.3324849977276,26.368124375719237,457.03387789363615,519.8808979915235,teff,4.789986483030094,0.26636366881095075,2.2447605,1.0070502,6012.8735,16.774212
4088994992499327744,19.90175131892691,-10.073328892561861,486.7472378672938,518.6982566126524,teff,5.052266506122215,0.20971350793706023,2.2768478,1.0931684,6004.7686,17.038939
4113702466214982656,359.80461913881,10.550039885417789,422.4838432701105,518.50867245114,teff,4.932835842417479,0.09637747450172984,2.227561,1.109588,6002.6953,16.619347
1927957634597670912,97.84600740879625,-19.154027209330824,426.647057495395,518.3614956533654,teff,4.59307028728844,0.16682456750014119,2.1685524,0.98524654,6005.2764,16.11185
6124475037402417664,323.5302906938182,27.420469590890175,449.58686583253393,516.2726440367047,teff,4.89204324214943,0.15790782750230825,2.1138105,1.1123894,6020.4272,16.457653
4415292728942800000,359.946768724225,43.83090044012355,478.5186100591395,515.3974029212076,teff,4.754417304135777,0.1304085001169426,2.1957092,1.0113723,6005.1772,16.821596
4478069899391260928,35.04564558849445,11.778765221435703,431.8914548356262,513.5465211686673,teff,4.586516808691262,0.24412656274599875,2.258335,1.0572958,6005.8433,16.441381
170128091299839360,163.35748248785137,-15.006440525775343,460.71564626924834,512.1883654073397,teff,4.6500880909310895,0.23914351239050102,2.2068043,1.0688968,6008.343,16.579916
296994003516867328,132.84943219269752,-33.696941959689546,443.7371248059163,511.89400191094217,teff,5.353097236802687,0.03921707395819496,2.1298685,0.9659388,6031.172,16.798185
3174900268281047296,210.3629365926985,-34.60407885867935,473.2139777362785,511.8514665252642,teff,4.808110723721938,0.13829068079455187,2.2522736,1.003123,6004.36,16.805841
23648334745582848,157.21549871125268,-48.384454538222144,474.153075284732,510.7610430989993,teff,4.760787517534812,0.16027447098764647,2.1676064,1.0295806,5973.6646,16.516855
236991970366561536,152.66283170153244,-11.813978595934666,483.6841321216709,510.5438937795966,teff,4.749160869667353,0.14527327042324067,2.2573452,1.0344216,6004.2676,16.833248
3283737419619904256,190.30427688025085,-29.50156356841898,488.78083501179634,509.71831266253537,teff,5.006573205053321,0.15889805853670858,2.2203608,0.95900977,6005.019,17.029676
71946891258125824,162.63954314000873,-20.042411645071056,461.6322622070238,509.01156448319915,teff,5.147351756690542,0.143340784634435,2.196209,1.0333036,6004.2905,16.850735
6746708218254159104,5.944841479500041,-26.193841214351217,458.3826668043472,508.00417337088504,teff,4.869710286204806,0.10151130149157073,2.1778793,1.036983,6004.62,16.581963
116217730516945152,154.46623545414698,-27.584284244391068,461.38964790990474,507.8889367899054,teff,5.14406539251927,-0.020188257692487,2.1814737,0.9806306,6003.7466,16.9688
3440732012026038272,178.1543856673868,10.105500261275113,473.15181977657113,505.5048790560859,teff,5.181506456747791,-0.13420129287554516,2.036559,1.0405473,6008.4287,16.741978
4358716778318077440,10.898967448606538,31.790369831107306,489.26503360808755,505.37536294318323,teff,4.938593042810575,0.11314906943274394,2.1730022,1.0076473,6007.0996,16.875067
96419919851269376,139.3526871593098,-40.74093741954306,485.31972828351115,501.8831013209122,teff,5.198721724974188,0.04250179731432624,2.1072702,0.9696915,6023.472,16.947992
6250753398103188736,356.5258046329867,26.11671896562864,477.8287271027026,500.39507421961775,teff,4.893431826860205,0.07799365429199145,2.1592598,0.96473765,6005.5137,16.871973
3423351889992107264,188.9761667693362,0.20315520944260967,465.43314771793507,499.51786023892276,teff,5.260671015447123,-0.0781453862341408,2.05715,1.0786823,6004.353,16.80638
6206918476543716224,336.8532757370559,20.061144738964323,479.20817793486646,499.2242392827011,teff,5.120675142411138,-0.04640784374998752,2.186306,1.0162354,6020.1104,16.994781
4341503339671173632,358.3391732002139,27.15308085560212,434.63790060415147,498.0478067966534,teff,4.795609497830309,0.08844630888764016,2.1967344,0.95679903,6007.5117,16.514696
262959372699430400,158.1395628008522,8.890955556926848,489.98142007094475,495.7972530498063,teff,4.6520804598468,0.2186130568082847,2.1679163,1.0200266,6085.1626,16.579117
3265848807815986048,182.42053451749854,-45.14087286200157,484.97185230365756,495.5895747032685,teff,5.329042736942635,-0.11694613948717425,2.118597,1.0165302,6003.5293,17.008327
87840327540908160,154.35369895059034,-36.5985765950361,487.9379698584297,491.82058892544995,teff,4.817764147175784,0.18587733552910546,2.1416826,1.0110632,6005.4014,16.618736
3336276272788030592,196.38472601811077,-10.375677057552004,481.6880326728265,490.54202765253024,teff,4.7209545488729825,0.20985695005795701,2.1798334,1.0055816,6016.129,16.59703
4086758212218854400,16.457966480420804,-8.553162824178903,473.5182370605741,489.6422612968318,teff,4.908512070049998,0.15504380661774508,2.199503,1.0391108,6006.4893,16.856083
4182545225659499392,25.78045566984379,-18.139936953808004,468.8401687357121,488.9803615506068,teff,4.6918390067593165,0.2073095114468151,2.1564035,1.0383412,6004.1094,16.541834
3450320440614120704,180.0312393418919,5.0187884753131575,476.6313059735162,485.41454873586787,teff,4.86312653259676,0.13970967792576783,2.0904179,1.0398992,6031.6123,16.520382
79446041594294912,152.2017051905447,-41.07394113264823,483.4743142883318,484.76237060187333,teff,4.849932198649526,-0.028586068237402174,2.1911516,1.0521375,6003.6113,16.78095
396758977041687168,129.52790588365616,-18.669449054580866,449.17294240074676,482.714139851452,teff,5.089518270285693,0.09525210715561094,2.050847,1.1087835,6005.6387,16.52745
452450413518921216,137.14069012476983,-7.021267130464092,487.59567520165314,481.30858641015453,teff,4.716979298999993,0.171937331038448,2.1916838,1.021276,6005.3354,16.583996
71445548315123328,162.0556141321127,-22.036760970741955,488.1961961947409,481.3009806824533,teff,4.693961207039778,0.17950569783198844,2.1557293,0.9512196,6003.3184,16.644684
4220643887675198848,38.21605802873166,-20.23417453905968,473.18066104782736,480.22482044115566,teff,4.451261304595525,0.238590903296104,2.2000103,0.8757816,6021.0225,16.370144
6249961749730364032,353.9871719414871,26.070558744701458,471.2360054112558,479.88117136764964,teff,4.717781541624786,0.12233129974472412,2.2047863,1.0054132,6003.8125,16.719664
3209183831107935872,207.9659652725718,-22.37047697205955,476.0956796579189,479.69922108264245,teff,4.729866960885712,0.22376504956756538,2.1631508,0.98441255,6003.7334,16.575499
5506042902612061440,261.08363158720414,-15.433167859009755,489.65343803295167,474.9547034276539,teff,4.484193225001023,0.266592456473405,2.098813,1.0637789,6004.6035,16.30199
125732040854465536,156.0400088755446,-18.606869792661566,477.04570703630037,474.5220508857044,teff,4.8654411320831805,0.10150482640658076,2.1480007,0.9151866,6003.134,16.74798
3444630536661757568,178.19727061697742,0.27091363442403543,481.9832577111698,474.3603906860091,teff,4.751384656848849,0.027645582106078592,2.1924152,0.9514561,6010.5337,16.723555
371940250823617024,127.8987539089014,-22.172683820379657,490.84227459273507,474.24759815916417,teff,5.189574691219548,-0.0015700427277565154,2.0007887,0.95873964,6009.7646,16.820206
2410316920458134656,55.69012274498034,-63.016048584318504,481.29470648623516,473.9052214892933,teff,4.687004908868172,0.23482386282107814,2.0759506,1.082082,5910.2417,16.26033
6659500487855808384,350.0578436291288,-26.37886515477598,451.9093574060105,469.4697232004105,teff,4.790248916807387,0.187909046669958,2.051816,1.043135,6008.927,16.255594
2634576580529706624,79.08663593644766,-58.19281235565128,487.04524183338617,467.1305095187163,teff,4.738807970112398,0.2667979732442145,2.0366144,0.9976521,6011.217,16.32272
2534630286370129408,135.1178833697401,-62.41797870684327,430.5254050667008,460.62454176432215,teff,4.5523625770116025,0.1668165825983836,2.0425987,1.0817004,6004.7026,15.914883
6292250753634242176,321.0392020129896,40.968256362414,471.972030164567,459.1092568824849,teff,4.824572283346783,0.191020726699076,2.0200434,1.0160801,6004.1553,16.33476
6105297630473027584,325.23850813415817,18.94799667598824,416.82091660690725,458.5570508439738,teff,5.1246460293161995,0.04256188154451657,2.0180187,1.0866574,6004.389,16.401405
397071100906611712,130.99906997574553,-17.17368450114273,151.04584662919112,452.7652685898564,G_J,7.723208714838528,-0.011125271831298633,3.519287,0.88627243,2871.6755,18.532948
3567688737033873536,288.38206258745225,45.09700283908228,464.92103101333123,452.5792440103307,teff,4.841467865132377,-0.049940496223649156,2.0229292,1.0223552,6003.068,16.402542
1735097075972070400,50.3113441895476,-22.25170789442506,465.2661412503846,450.6180673863288,teff,4.7457583438358215,0.20341869248445477,2.0465279,0.9525184,6011.7773,16.26734
4283652668520407168,35.8678413089604,4.329135635302928,469.210822511974,449.2488123466333,teff,4.267584219251704,0.27408130237190953,2.209136,1.0280845,6002.3066,16.198803
2473131336854001536,130.12044946031588,-72.90602173577685,442.74405308066633,447.68056682013196,teff,4.381000431457037,0.266065834145941,2.0017805,1.01529,6002.1514,15.820402
6086602153231060224,306.3377398925734,17.339372852000107,476.33511129648383,440.96797555495425,teff,4.488016276779869,0.22476026107542335,2.0312605,0.9673906,6016.601,16.073942
322909217706443392,131.8177482580395,-23.50603863666064,438.8560540773433,429.17054179596363,teff,4.765436600714343,0.18773806867432352,2.0787926,1.0950596,5823.1143,16.159836
225227058510730240,161.6070822930824,-11.125747438244959,375.492431431006,419.6447958542726,teff,4.446073993648616,0.21227888283514496,2.104168,1.0072988,5872.0503,15.749637
4200438987131783680,28.445451640164237,-11.86761545880006,393.8044571993798,415.67186148248743,teff,4.579104330267551,0.241464726730781,2.1952019,1.0527183,5830.2026,16.143177
5891976019478227072,314.79125308510385,2.7217206754901677,474.5585782384728,410.6131962894333,teff,4.623492069434255,0.2275176310693281,2.1758661,1.0617863,5793.371,16.5732
6755505891821492608,2.4154039027221184,-18.172982822242147,408.08165882528095,405.5667436270877,teff,4.698937952304175,0.24200778759310104,2.0888052,1.0218837,5852.059,16.00849
2752153440562983552,106.34085879806159,-52.697322840293666,360.03384059797935,403.81495971787325,teff,4.679543416763737,0.13001966581361213,2.1420946,1.0783525,5792.789,15.968615
254893359696528512,159.32665659871446,1.6342534051735644,245.90571953272632,401.12438647574527,teff,4.685705966933676,0.2618140081922098,2.1452055,1.0752887,5743.6777,15.004013
6282905763791679744,329.8699001675465,37.53520847250678,364.5327224361499,400.8617488881916,teff,5.078414612358358,-0.01800838484017042,2.074873,1.0421283,5794.109,16.150553
2721031312965393280,68.3197720984158,-38.44216664991766,489.95664590606566,399.70754102992106,teff,4.614676098228182,0.21454151494940366,2.0077639,1.0295584,6003.117,16.273159
413074290794451456,128.14353642607287,-4.782293707371019,361.08618870845004,397.153853108155,teff,4.603143222132852,0.17951028664838908,2.1532803,1.0233679,5704.148,15.798948
6747241172154713856,7.288087068387327,-27.0209105606428,460.30023276257396,394.61764458094797,teff,5.223571591772169,0.11128114210416307,2.1398668,0.9864796,5746.7183,16.869907
1923531310021985664,105.72842852172113,-19.220033819344618,425.1145169998835,392.7732812987526,teff,4.816563064362632,0.0144356517866715,2.1243057,1.010352,5760.3384,16.33766
4149259813270998400,11.739722810040986,8.218424917718217,442.0344389307102,388.3896003808219,teff,4.890426315819744,0.13588242479632484,2.147644,1.0974462,5734.95,16.563444
1205578529506789248,37.321182328442646,44.81000424089497,400.75125378863953,384.53734170614786,teff,4.880234220611303,-0.004612367091361591,2.1559172,0.97156537,5732.127,16.36599
3574512302155008,174.451466981737,-43.898134524768935,441.37370827597505,384.2668976596358,teff,5.10531435613016,0.14868272076076572,2.203393,0.94992095,5691.2173,16.899508
6708313993770588672,348.721342803879,-16.81406367399967,483.5133357248669,382.3378759037652,teff,5.164229280229273,-0.1175705548441055,2.0519142,0.9600641,5793.3394,16.798378
3157549352021993472,205.11860242294557,4.942294619527636,411.73319819311615,381.9507043026354,teff,5.191097646258087,-0.16977383159711934,2.0873423,0.995838,5634.2783,16.471813
3026263166836514176,207.44178870673665,-12.584328495641037,458.23114160572493,381.1774819404627,teff,4.153810733133944,0.25933873537508934,2.064044,0.9719053,6001.8154,15.912582
2841822118500593152,93.31288282430633,-34.032785990902084,300.69106590983824,378.8358776765642,teff,4.8258705831125654,0.14935211350438582,2.156828,0.98448,5686.1987,15.599262
94485436516890368,145.16797184992743,-38.24454311093377,466.45281277244226,376.9002727029149,teff,5.3983412707277525,-0.001204694062378664,2.2060375,1.0409602,5629.198,17.213858
474395119422693760,142.29519475040814,4.3614467714469685,316.508214450745,376.01891244150835,teff,4.17913956741789,0.25584053109073146,2.2298946,1.0591421,5766.4287,15.404826
415005819183069952,122.66630564095387,-12.154948897104495,373.4107440410029,375.63376967387757,G_J,5.697746013169869,0.16710940865817925,2.5567684,0.9874901,3675.0522,17.934282
35790855831619712,160.71970228220005,-35.213445312683774,142.21365008468945,373.8933262129838,G_J,7.925757465198014,-0.2036527329739215,3.5535889,1.0267498,2926.9941,18.381237
474747890856557440,143.67089656828855,6.875884509519386,328.40943463632215,355.86917764319946,teff,4.54659242938563,0.2771882870031437,2.1544123,1.0352161,5653.1406,15.62129
5890622383227876864,327.429612521817,6.381269527808085,398.1886819125221,355.34736885467254,teff,5.381519617659558,-0.15861994954926217,2.1306438,0.9606896,5638.3315,16.767294
225338933819810176,161.3832268572574,-10.974547236720452,481.953079460032,350.65757586553394,teff,5.255868476670402,-0.09538118237509785,2.2306366,1.0052545,5621.845,17.279207
3278512024969292800,178.42869589730577,-34.80551246882877,223.56656351852328,349.784663001646,teff,3.753853673704139,0.2453834745006107,2.0449085,1.087842,5702.7954,13.894374
240551295661667712,148.77345865064936,-12.445514401715526,379.35168190844973,348.5033804109403,teff,5.035880500055628,-0.14734491109882697,2.1536312,0.9434392,5601.522,16.439968
4507319721891184640,45.63208288603338,7.25745279378238,407.31923983092054,348.48784037468965,teff,5.517757051685295,-0.09731087393846494,2.169797,1.0153598,5528.54,17.027987
4329633836770817536,359.5863282119151,26.460994448429805,451.11374893882544,348.36836772566846,teff,5.046013398472342,-0.09876535949084264,2.243003,1.0097542,5601.0635,16.946836
2730325278596403456,74.74792762527397,-37.672070518701425,425.3043721853841,346.88559105298157,teff,5.143509920502923,-0.00551125501073102,2.0997257,1.0547553,5703.312,16.539602
1602152788594362752,92.04445392222806,46.853668761176785,209.2789632465659,346.24786986136985,teff,4.807738124628915,0.2346195804925486,2.0285902,0.9736366,5638.2915,14.513155
998029010931375872,157.96228349983696,18.412971609760113,390.39407625210237,346.150814071502,teff,4.733141020309165,0.2129456384171462,2.0804186,0.95509017,5699.7153,15.973893
5320133452202050304,268.812579661197,-10.853660315223006,479.0547753525605,344.3645141828341,teff,4.511009703073389,0.2490999763237225,2.137333,0.9098335,5629.4087,16.311516
959639631168249984,172.31019244063063,9.354833494814775,470.3032335679463,343.5414769300738,teff,5.2346206013632255,0.08043751784220454,2.152462,1.0297369,5652.8857,17.067724
2087498043106649472,83.84112397698448,8.815392681748586,430.19857418119835,340.7994204496922,teff,5.261252924789214,0.19457475764646937,2.1235504,1.021763,5602.7856,16.6407
118973480317836288,159.65769701929295,-22.904105159144155,200.78858266093317,340.22147326508343,G_J,7.395694112775608,-0.22742077314213027,2.1935844,0.92273337,3326.5542,17.7449
4110779964362247808,0.38043486991317527,6.739214093367471,144.23324833918664,339.8757911355169,W1_W2,7.683431928528456,-0.13947609345720835,2.9328136,1.0106785,3283.0918,17.176828
6872351061230300672,25.506440287242345,-19.627784346531207,381.95052856927924,337.05382246921124,teff,4.639738487313286,0.23090999830099523,2.1745462,0.93654263,5616.2466,16.01807
3278481238643781248,178.85300439598515,-34.99484478312242,396.50207529075965,333.8165570406685,teff,5.2623799894177115,-0.0046703572269937155,2.1568813,1.046762,5620.1357,16.769215
5214984994868520448,285.76814922761497,-22.505000588881025,264.5232892263048,333.452865476033,teff,4.6588802981536555,0.2055651117021302,2.126688,1.0630137,5598.841,15.1805725
3292041236374461568,189.79372495526883,-17.313812706837584,465.477578143626,333.33710791247233,teff,5.132534415910937,-0.02738475908785709,2.1918383,0.9958936,5585.324,17.010948
5771880693671439616,307.19183819586743,-19.94983189906403,442.2023611726347,332.52357996832353,teff,4.8440665131305005,0.24299683221570323,2.165989,1.0762169,5612.4307,16.597542
2662673260148089216,82.18835001409118,-49.20786101905397,470.55595294556326,330.81470962124985,teff,5.111437914822167,-0.012524257534465733,2.0766802,0.9996892,5639.994,16.706938
5267302644336417280,281.74336694720057,-24.417705602487512,463.34714845792263,329.633084289218,teff,5.390164808884337,-0.1435928042641006,2.129675,1.060229,5516.2617,17.022526
3457646791532430592,173.56463772614478,5.900438615040904,480.19796277943243,328.8863870131717,teff,5.428772411523458,-0.1763889780898218,2.153822,0.9944385,5584.104,17.321655
1815286829814230144,60.07133956502292,-10.980193509382238,433.203001545117,326.4868060518829,teff,5.477622030560193,-0.17623484599029737,2.0313082,1.088945,5492.0913,16.798525
71321578379082752,162.37930543134658,-22.47005012268847,470.708155916892,324.0831882386377,teff,5.059018493566848,0.04910345335089339,2.1829472,1.0648745,5542.732,17.059649
4402367321222666624,2.739484434443414,38.06771537094856,405.22647173297986,322.4458091954276,teff,5.036173721060241,-0.026193924599853702,2.1678295,1.001937,5605.1177,16.690126
4074190515107500032,11.607417162537875,-13.404451170698092,339.2625508981934,321.7452312085439,teff,4.55790740998455,0.24442913329111438,2.147791,0.977262,5612.221,15.670383
6727961987385614720,356.2431323799362,-11.390351994117134,217.65525570501967,320.42780707909185,teff,4.7664156191098614,0.2427853073890649,2.0762787,1.0307909,5585.5083,14.6833
164131148723360896,166.43546561007665,-17.703501673713678,446.1857287381923,319.5519551881462,teff,5.406281226920278,0.05691409983992379,2.1858978,1.039546,5520.2725,17.230942
3879599565695058688,225.63615147893773,45.10068987245538,336.63898464656677,318.52327339753964,teff,5.4216655445443145,0.028560383916381937,2.0592718,0.970749,5576.3105,16.16108
2546315174395987456,100.95224901015676,-60.48370868153606,476.2226029483801,317.5482577164295,amp,3.251834225022767,-0.004773454314554115,1.146348,1.1194091,5715.909,13.706074
6226347641579029632,338.2703945996064,26.829295540521542,450.7116664759153,316.70734582556935,teff,4.762013538668512,0.18596416015250128,2.1245193,1.0060015,5649.1196,16.416534
4187952348966855424,27.601063428179742,-14.133509467917522,199.69236309518993,316.38830161690703,teff,4.342212410414308,0.2355742003452459,2.2525415,1.0538054,5591.871,14.499691
2930995324717039616,232.56685538984036,-3.374411719763393,454.5039192443413,314.9294679606504,teff,5.168082122728981,0.1053461543853782,2.162611,1.0112365,5545.73,16.983736
64621395037237248,166.23444015802727,-26.167535968215887,453.02429761576235,314.2976551662449,teff,5.190494215717038,-0.0522303645900184,2.2097807,0.9700993,5541.451,16.971165
5153584516065156864,199.05248929474075,-60.40135664743356,172.8413082749878,311.5792247496573,G_J,7.510752409204964,0.09461535421032252,3.5272312,0.8763283,2914.9402,18.278952
519251036306777856,128.34181357596114,3.7785351368527653,284.3821132947741,308.95253427233587,teff,4.72315063050646,0.24567087070307103,2.0837946,1.0754597,5559.6455,15.252915
5312651692201950848,274.9381304870484,-0.351789761260208,466.81796617176826,308.6653471374635,amp,3.579716659402101,0.22141640683482589,1.1383228,0.99302626,5459.889,14.152915
6244673163217927808,355.0242876136981,20.705053393342002,149.62044189146295,305.9282890628737,G_J,7.510017189966526,0.22777452796900555,3.5059128,1.0189637,3305.9346,18.291862
5318311217836745984,270.9074266964133,-6.135605529121877,149.71855631714917,304.47451821278133,G_J,7.673929896749717,0.004212484947757389,3.4717388,0.99224377,2925.553,18.094254
4278504892518883328,32.63532284603088,1.934162406548693,119.20816918005399,303.0463310879917,BP_G,7.59202462713524,0.05944499904240175,3.229659,0.9529158,3166.7964,17.071444
428575240081778176,120.66762421032047,-2.512562688973545,404.50907620304116,302.83932167396546,teff,4.877034131034817,0.18571679167630428,2.1532803,0.99626917,5498.813,16.471302
5843846684667832576,304.59366620699524,-7.872893200058062,280.2144835246711,302.43775134134273,teff,4.687020803244819,0.20163440625599538,2.1333523,1.0448695,5483.5835,15.403251
6731223830363067776,0.223363823569522,-17.682480879637858,243.6428516698021,301.93309843973503,teff,3.79587850832375,0.2096592639511794,1.5866842,1.0778756,5953.857,13.81102
2607890333811774592,53.48869505747058,-54.722069397765246,405.02548196865433,301.92497141365453,teff,5.6722999159617755,0.013469291495320945,2.1948566,0.9502927,5474.304,16.926376
5356032579882057216,280.6749636336728,0.8829887718428573,406.14179500004656,300.14708656972846,teff,4.484936758396061,0.27906568366215545,2.0370903,0.96875155,5546.086,15.88541
6640947294288218496,341.8479454958146,-28.645438524109576,384.2615939960616,299.43676505632794,teff,4.692624691101333,0.0997299527254647,2.007804,1.1069678,5641.5083,15.770514
6119812519689603456,322.81205122132457,24.74275795745285,485.81883989804027,298.2124295506175,teff,5.19186646958356,0.03465098995652305,1.9904757,0.9476988,5649.7275,16.755838
6344443707316411648,307.37168192909775,-33.224698567756704,488.09844311143274,296.80821156581874,teff,4.828047891751033,0.0360326064619958,2.1888485,0.97489613,5484.4023,16.863407
6212071960559362176,335.2842132481286,25.00726806337365,361.3249084095568,292.24342309826517,teff,5.100893102916461,0.015348712435622858,2.163581,0.8707714,5514.6387,16.315842
5650772988266572800,252.65957181433444,16.833840577941007,468.7101718910608,291.62099905055044,teff,5.088663427817948,0.2819338101265414,2.1035404,0.94997144,5556.1245,16.85105
3302359504463551488,179.06645301274048,-33.88433682448557,485.66462997502475,291.1764743453916,teff,5.227446753658495,-0.039483842648030176,2.1855354,0.97823095,5541.8496,17.107115
6744387973842083328,4.9832278716267275,-22.82952737534837,430.79651525303234,291.09291114154087,teff,4.329086470027509,0.20506681678169958,2.132946,1.0545185,5571.1973,15.983744
2217973342757101184,104.85358264787294,9.766312055788521,455.3274261667517,289.61591817489057,teff,4.534180653429473,0.21386521905151934,2.1612625,0.986608,5548.093,16.24173
5321587457554414592,269.6228587426198,-6.7286481122350965,152.04072565994144,289.13221586395105,G_J,7.79542712147696,-0.12279635905946584,3.5986462,1.025532,2930.8708,18.204422
186833796093719296,167.6272727319925,-2.5779285733690265,389.00764754650834,288.08192866728274,teff,4.3602875012035325,0.25948229537540524,2.2271557,0.91812974,5528.6157,15.886588
2608833744853033472,54.4104396924685,-53.57015427274117,464.5735631644604,286.7084742899947,teff,5.039168497380438,0.22894670398333883,2.1469154,0.9152733,5378.757,16.642412
5857282132664842112,303.5496801302027,-4.8199305959189696,218.3420637418466,286.58724303454903,teff,4.093054018474939,0.2788513809508055,2.0131083,1.0151137,5676.1245,14.183576
3391472168818799744,188.04310773392496,-15.877911525393158,425.79073938336296,285.96802372897156,teff,5.59033466145329,-0.09107882371699993,2.2239475,1.0281012,5408.01,17.257622
4927368386722632192,297.9562072503651,-64.51048462315123,368.61512129423596,285.6363948645663,amp,3.8320927807225345,0.21425991120055787,1.4591007,0.9992607,5474.653,14.424956
94525362532842368,144.06074297897297,-38.61912107446753,271.8667986574027,284.31676685687546,teff,4.756918620581266,0.2405248117690748,2.134468,0.9690117,5449.3335,15.263738
4947387366728347776,254.7204013072498,-60.55929195728146,149.42661785271622,283.845279737726,teff,4.633340956308981,0.26784335568961115,1.9560776,1.1151855,5489.177,13.753529
5532053357699714176,257.6141481792308,-10.240634928248022,453.1050871593986,282.4568992032044,teff,4.492834841457057,0.21736088673390075,2.031683,1.0462769,5452.4814,16.150366
1923296323771240704,106.66841999366554,-19.616451612768977,416.64265340452033,281.6314941971192,teff,4.92578727306798,0.13757957812980415,2.2038145,1.0644419,5489.936,16.542673
1985411480838794240,103.20831276831684,-9.544023166454833,473.36494029005627,280.55308765715665,teff,5.476873045899878,-0.15175151386604568,2.1228256,1.0057898,5447.488,17.126717
4200872744480132864,26.717232052174797,-9.174491570768666,260.3300977325575,278.533442725217,teff,4.76271016378819,0.26474916285698846,2.1319466,0.9848029,5342.87,15.42158
3348911314956692608,192.63404994428535,-3.252384905763968,455.79239772902577,277.74651061415875,G_RP,3.3171620468037655,-0.042880192317509724,1.0383959,1.1075288,5802.9233,13.521991
4478572990376479488,36.574669377374114,10.877901752146641,439.20973033143207,277.29730933723584,teff,4.910288337879769,0.06099707380819197,2.1692085,0.99640894,5517.134,16.707184
188072980057858176,168.59737738518328,-0.9047745044074706,395.864922841227,276.3359268744621,teff,5.015187402920381,-0.028875072532494883,2.1622648,0.99321413,5492.7036,16.555704
4207111751398628608,32.010939335986194,-14.169611152955424,489.8731924980537,275.82374392080027,teff,5.2045938157466844,0.039262058863512195,2.1573792,0.9065974,5474.2773,17.123241
3639649917645820032,339.6012030992904,48.71651889275225,271.6172013810318,275.3208223139446,teff,4.36239167009283,0.27666915806515124,1.9883318,1.1321353,5602.134,14.710055
6031485112810711040,349.7200596651673,10.86867468817057,329.92262131278903,275.1156755604746,teff,4.952108060719154,0.0669323658073413,2.1987343,1.0234911,5444.22,16.100489
30916656361000064,164.1445525599887,-36.91175576184124,414.94067657563033,272.78114165400086,teff,5.145169734556744,0.007866869550717581,2.2268343,0.9357706,5456.2153,16.84346
5488427691246147200,267.66519830375967,-13.03510089662463,419.1691316169728,272.33623420038856,teff,4.481497750335309,0.24749434799862957,2.216569,1.0972654,5504.875,16.225538
2754296938480324224,111.11613533094453,-51.234131535489254,396.36604675588427,269.59321293767346,teff,5.282635736486923,-0.07358092538300198,2.1390877,0.91862464,5400.978,16.679081
459457012707923456,140.35163784354663,-3.4970528724389176,182.85385229256735,268.68600210682007,BP_G,7.62206803457784,0.11010356045911962,3.7404156,0.9727243,3047.2708,18.439064
2518991863768661760,150.70866056289455,-54.888477112135874,248.66530690413595,268.4566030262479,G_J,7.1532984565278355,0.0024714541250414612,2.328848,0.99006003,3279.7861,17.963278
4285779059587596160,38.670113585775795,2.939301459670651,384.17682050882627,267.7378931918291,teff,4.986297414442316,0.06736083790882752,2.2004251,1.0454965,5326.0664,16.481129
6247058351838671616,352.0029176977806,23.601058790112244,232.61802572994503,265.0277047059877,teff,4.927815648728055,0.07202580813759418,2.1849165,1.0408201,5349.2446,15.392834
6444282528509956608,338.22948464864106,-33.51375111905174,450.10672487204096,264.14644971494977,teff,5.260125488849123,0.002370821184284111,1.9738894,0.9863936,5550.7524,16.643742
5897230413727518336,315.69729697841484,8.001123517524476,334.884763710185,263.81316901079197,teff,4.616549468906169,0.2696187959090208,2.1821766,0.9998879,5491.657,15.7066965
4330121298377786880,1.8480356717020805,25.540308748356466,429.3516535507049,263.1750528524664,teff,5.178979604163199,0.1922223235262246,2.1780548,1.0564579,5429.6753,16.84208
4398998486314948992,2.973834886726559,35.967865250823635,351.8562205100506,262.17438018452947,teff,4.617200398453783,0.2001393630161914,2.008585,1.0550951,5440.2017,15.705002
5295042150178713856,270.4514970933342,-13.621600762384086,487.0536095712889,261.88551206535766,teff,5.1815548004174135,-0.059264115615183854,2.187994,1.0681052,5345.9507,17.197754
2728595849884995328,71.8869875027924,-32.70986020234096,417.8068815802886,261.3055805910633,G_RP,3.1095005400207008,0.1197178400715071,1.0204592,0.92447877,5066.9316,13.189097
4635628300736008832,305.5736856338946,-38.35635158329837,374.1156755100988,261.2842933365681,teff,5.208011335668382,-0.09990334462866102,2.1008654,1.0257341,5338.0503,16.327335
1186779732529490688,17.38626238318119,57.948933679945775,284.50574397140167,260.82237198442743,G_J,6.38768431085036,-0.014514452611987139,2.2871552,1.0619135,3468.7886,17.41351
2871066860058141440,104.27437226560906,-29.83977644495259,467.4825863542257,260.76618550573744,teff,5.246897512517732,0.19789683340268205,2.1185331,0.97477317,5414.406,16.80062
868209466881439104,194.87022024307757,20.18981397502564,477.3602638088961,260.65992877095795,teff,5.2754241560890645,-0.011804313249069054,2.0177193,0.9219628,5512.0024,16.801992
2805310429718031232,124.14255285903131,-37.12757395743272,192.19846736845483,260.51380077254095,G_J,7.596038024889787,0.08894063944403108,3.3884373,0.89935166,2953.2888,18.48185
4103239960302413824,17.511146950263583,-3.438811745883049,196.50377032681394,260.25461778639584,W1_W2,6.7451964358500724,0.2716706591357543,2.7552004,1.0231458,3473.7852,17.16886
6762044133424363264,7.936633553885519,-13.383542675353398,267.22138477781226,258.9753670906299,teff,4.866670808465083,0.17983861921601196,2.1522274,1.0840691,5420.16,15.443867
3159207866531613440,203.30247890077786,5.9507896923073025,442.72592066776286,258.7666933462086,G_RP,3.8559586731217266,0.2718302941260866,1.3026876,0.9719286,4573.7217,14.538003
71385006456261248,162.50743538840652,-21.971807522586417,393.765722453042,258.4274252426004,teff,5.74725898765361,-0.07187483163758834,2.2355556,0.97377825,5298.059,17.260328
2301065493752981120,119.76679259547414,23.235905893630168,386.8317660768091,258.0116971081606,teff,4.784725962539387,0.09954364681538141,2.2494116,0.9955955,5359.592,16.323633
580058461724221056,225.38535374400817,32.27591814926005,430.07412438228033,257.57153545439553,G_RP,3.097938957222996,0.07674944547446128,1.147335,1.0230833,5008.773,13.442679
1918181498758190208,104.61332378050395,-18.97425719490242,480.25709186057924,257.48654225984967,teff,4.469824304253996,0.23818057363664114,2.0312567,1.0683975,5407.5854,16.175787
6751327227947901312,8.738485083039443,-23.708517314362435,480.276407576603,257.0002285972258,teff,4.589259431710777,0.27640419641517866,1.9745922,0.9710907,5420.208,16.144667
4144579737691522048,11.152367818229344,3.6204211163763462,180.51369409167452,256.0352712368712,BP_G,6.918873328578755,0.09253419375877137,3.1447086,0.9992724,3297.9768,17.508556
6357366198758080640,314.22138878561225,-37.69823671924443,326.4099123857145,255.18785492927697,teff,4.887289088681399,0.133772069005202,2.1992874,1.0840131,5403.033,15.998678
4312530997830061952,44.016741273887796,1.7962885935320894,155.40398683119497,254.83230983917625,W1_W2,7.435083418338346,-0.06441418893965789,2.9265642,1.0410452,3328.3606,17.22407
5838547554004027904,303.3881806187848,-11.161548235353404,138.7007477203351,253.64235583921052,teff,5.005095112517638,0.0501477947767075,1.9715853,1.0864422,5269.5396,13.836675
151375538232241024,171.82037973060585,-14.95508163331748,137.58079136845654,251.40263255946027,BP_G,7.9577536088046825,0.282693993322944,3.7117214,0.9194455,3214.638,18.260012
5310921851181707392,274.70107152181123,-4.768759876038144,384.30812005875083,251.0580151309714,G_RP,3.204105314961549,0.12578882606291586,1.1208687,1.0347105,5875.5586,13.327799
5252255140553486464,287.28551343894446,-4.535366878352226,356.13398530597203,250.79518856087415,teff,5.228875018704848,0.1016550548839259,2.1600666,0.9978028,5342.999,16.325329
6761533307189924608,6.309658997239477,-12.718238127135015,437.00379957230393,250.7437542032963,teff,4.896056199487137,0.1632814835032672,2.1866693,1.0201902,5433.698,16.62348
3365879283334654848,195.8698499800201,9.762652868343572,180.18726337738255,250.71015713053464,G_J,7.536140288290602,-0.02542859960543531,3.6197243,1.0047636,2942.475,18.280636
5770928512923392,168.7791893542836,-48.13962542608107,369.5896805996854,250.60672911524242,teff,4.258591228664096,0.26761239811980975,1.9771671,1.0255641,5584.196,15.232694
6359119271265877248,309.9063395433784,-26.148047840838714,340.6745885109058,249.9514423531523,teff,5.201038229737448,0.06619543772379366,2.1327353,1.0182835,5336.5063,16.203161
3078347822916819200,224.70861347721677,23.80796520610756,229.47377463066735,249.93112775839737,G_J,6.860389199961345,-0.07463405260827827,2.6418781,0.9791995,3212.2773,17.664215
1827783123081585792,58.94615829224734,-1.1434991767713467,249.3082650365713,249.58197118619194,W1_W2,6.2480358467758865,0.0755733960046161,2.8227968,1.043242,3370.8953,16.926025
779801615246120576,175.65947826182747,60.910238894807065,181.341573625278,249.16867892087396,M_Ks,7.797696964407429,0.26955637489206197,3.0441837,1.0669363,3010.9927,18.126043
3398699950240798720,189.63621628395322,-2.557292090753874,488.08337283343934,249.01513782455729,teff,5.148592308504821,-0.12709638353623554,1.9864941,0.9953643,5496.148,16.7139
5528144185848500992,257.7174706218175,-0.4770715071217139,452.70830448771494,249.01312828885335,teff,4.221498664015122,0.1396790475220273,1.950593,0.9589237,5437.5474,15.785175
5585689566424386432,251.52704910337363,-11.171963942780907,384.1545659717152,248.42064942714703,teff,4.808501997311367,0.27571991403933005,2.2332125,1.0771216,5297.643,16.271496
3150635970801630336,209.53198121542547,17.707871618289108,416.67405489100577,247.69401643422077,teff,5.225871290089614,-0.05091777697055733,1.9976463,1.0629369,5444.627,16.43069
4130082436354800768,357.36097251494914,16.76780627441239,143.8488415210778,247.58576180359196,BP_G,7.7866447590012395,0.15083590721288864,3.678381,1.0107201,3132.8665,18.298859
87680559052581888,150.8939041754547,-36.88898557373658,266.41989616684,247.4796478806173,teff,5.3202072673023215,-0.07792122435494697,2.1054478,1.0306422,5314.637,15.736889
6246948091435369344,351.2214726185517,24.84585321509636,412.6939050642859,247.4500747540765,teff,5.126324811220889,0.08410615750289097,2.2212667,1.0269121,5350.848,16.823257
5520697361086570368,259.8048160523168,-7.359621095173844,299.63842492658966,246.77976417048112,amp,3.336823454113151,-0.0995027800588506,0.9261055,0.94230336,5919.4375,12.402337
4424171839389579136,8.841023947238147,43.564206826304925,480.1275993825807,246.65909550165134,teff,4.308231052812541,0.2711939752532482,1.9305115,1.0522766,5612.6865,15.77983
4048410682650869248,5.496566727005883,-9.371485488398143,475.92397334341706,246.4328799309396,teff,5.0244092861741345,0.1469749388567836,2.1639023,0.8732522,5365.603,16.854439
2202070418894837632,106.78804026968808,3.7024110278939752,215.78562328514587,246.40306516879357,amp,4.180130989334525,0.154392026517999,1.3535976,1.0268543,5172.3696,13.392513
5958337314324084480,345.43754134377383,-6.005420251696816,274.69938934981457,246.40224208118292,W1_W2,6.539326337471021,0.03269854081560908,2.677763,1.0872893,3422.3687,17.431738
69722991551574784,162.42547113227397,-23.511580706199773,401.0856902273115,246.15088971010022,teff,5.062576368446685,0.03397746993053197,2.1607466,1.0555216,5410.6885,16.62566
6072523800210069888,297.50973650723415,6.068912323412309,430.66438552345124,245.86555191682038,G_RP,3.4488371738459564,-0.011870176011068878,0.99942493,1.0252657,5509.1465,13.43076
1908200888117120768,95.28699507190774,-16.642727100526063,425.7903017039115,245.8334276496479,teff,5.3557802095056655,-0.140171623328758,2.0108614,1.0390998,5392.706,16.65914
244806749260250368,151.65404853583436,-7.020419879809066,471.22786623863897,245.497629553645,teff,5.312667641999833,-0.02811372748536556,2.1819878,1.0030686,5373.7686,17.154364
3393547295153042560,187.72690029631053,-13.680464981084965,276.4521643851481,245.36350365268072,teff,4.645219320156131,0.2374640252066902,2.1018744,1.0171809,5359.2827,15.307797
6037310870862385280,346.6749620309183,13.34784786512546,418.186072745351,245.32323513907735,teff,5.208166615144826,-0.017852355921872842,2.1513662,1.0521795,5320.964,16.78762
6657630871413742464,345.5465913762641,-23.3431840996216,290.58756494567865,245.29223581644266,G_RP,4.0810489206154035,0.06493125853437576,1.2413502,1.1430289,4765.178,13.679841
6317496257867221120,353.28210702592276,36.85832149119955,401.671992138007,245.2599717782954,teff,5.389126876877994,-0.07548219173436621,2.177208,0.98466194,5316.8755,16.774813
4042157893103640960,357.15280037016214,-6.19122409321344,167.53365980302587,244.40619970869741,M_Ks,7.152549762260229,0.2729648719399389,2.774537,0.971579,3279.986,17.100351
6854001346030624384,21.644697099896202,-27.261154373987043,196.09181251832848,244.32781892315637,teff,4.751410319348844,0.1921176556445694,2.0749617,1.1332128,5367.0967,14.594448
2139271056353986560,83.52694699086814,16.752399589379095,343.2068522522319,244.0557421956134,teff,4.366921701546512,0.26279218884085775,1.9488621,1.0561699,5501.0806,15.173593
52583112806413184,172.98085531198413,-20.756201684791787,141.46330318275741,243.27278881887364,G_J,7.674957484139884,0.19788656830388263,3.5355206,1.0166969,3172.7075,18.292297
5515854669506714624,264.67617920270646,-8.29691478670531,390.41996655353364,242.6600881602473,teff,3.9387800868434653,0.27498597305604644,1.9823408,1.096754,5546.494,15.111186
3302870193254150144,179.88618944785028,-31.45269348663242,190.48211875015429,242.13399479279198,teff,4.705194337139799,0.24607809372146505,1.9788084,1.0804012,5274.7466,14.449352
5927214027115240576,329.5816223528891,-7.818040781257026,373.63112109010746,241.90997912582256,teff,4.255686030538789,0.2727325724011518,2.137992,1.0357885,5497.4126,15.585646
6301395048244946432,328.7822118179975,44.29034808690992,441.7849688836916,241.71920949709144,amp,3.5397342995623884,0.09760105370258465,1.3087349,0.98766774,5584.898,14.245739
4929578130217095680,289.7721160359222,-66.70002749938052,444.0604500439824,241.70978594811749,teff,5.455724106296296,0.03603228901825517,1.9564238,0.99756503,5436.9834,16.628056
953742258815938176,171.8786887109051,19.03967987453551,183.12615171095882,241.41164242472416,G_J,7.759450498598862,-0.10874410902406417,3.432888,1.0066043,3021.899,18.553928
5615317419070770944,239.2004150569433,-1.8738457878070938,464.7632324490005,239.9731246479257,G_RP,3.3203762840685527,-0.21290006994840205,0.9490595,0.99478936,5695.2617,13.392615
3000994018808361472,219.58158193969322,-12.384333830205723,482.927354883778,239.84636231234052,teff,4.454801839036595,0.18293261522128557,1.9633341,1.0752647,5379.8345,16.163416
119937133539979008,161.72633958960844,-20.813580833223167,181.80915721353995,239.27899581419192,BP_G,7.47329256463694,0.15626142248746255,3.7088165,0.8968801,3025.4612,18.376274
6499595694328497920,328.36575378552584,-58.080400450668975,378.9112345084871,238.96183832002356,teff,4.5056408192655155,0.1556222215708596,1.7492113,1.0094789,5365.158,15.435349
23750280089296640,156.90470443589695,-47.8460995316365,347.4649007511017,238.91968187218905,teff,4.614650001025159,0.2809415322890043,2.034953,1.0357621,5323.4883,15.667142
2615079112632885248,53.28231836306927,-52.21666899649743,472.51389394622356,238.86807098739305,teff,4.790381705462333,0.23503638389325854,2.0126133,1.0452112,5467.1475,16.232088
2146153449386807808,82.74749539337128,20.496105737210975,438.0786535233246,238.0829822349704,teff,5.098242645716327,0.14334497052599637,1.9833012,0.9763382,5443.4136,16.390884
2722100248721251200,69.09243465955309,-36.7825661643611,262.794517734353,237.8822188468566,teff,4.670954530915071,0.148768740025778,2.0042467,1.1014866,5466.433,14.936503
478224512260946048,147.4964476651317,14.927724384408672,482.8641690025804,237.61508943428265,teff,5.016127964329646,0.18389620755260427,2.1812458,1.009225,5388.5806,16.908192
4731280658391228416,267.1545582845583,-47.007922526911806,233.30272392684475,237.60639731843767,amp,4.037410933860397,0.1182280632658319,1.2326345,0.96542966,5305.982,13.16892
3698579652085678336,283.90546610574177,62.70401992304681,417.9499643435986,237.34550490461473,teff,5.166611314610847,-0.07236813834746414,2.0063572,1.0095979,5327.7944,16.39511
1296246732234813184,65.11007942796553,62.312918789068895,478.73097153243253,237.16146783659474,teff,4.212727691293504,0.284265078197282,1.8414993,1.0217912,5591.5645,15.560043
93423583162313984,146.82156166139623,-38.91071205701096,476.768479337774,237.1051712060094,teff,4.864997205226103,-0.045341457007043395,2.1341896,1.0340612,5418.5356,16.7334
3358509016375614208,196.96554998335134,7.381283601904345,434.0107372587528,236.17364799371788,teff,4.941291147863582,0.08573402619468862,2.020359,0.9332761,5449.013,16.241388
1910135921203217536,101.96860245990895,-27.19806275040796,465.4813829587315,235.9874642218671,teff,5.615616480096946,-0.07180177928502829,2.180809,1.0237772,5259.0664,17.39176
6804676086175431936,23.659109062157476,-39.80174254158113,162.86163150185413,235.59499459034612,G_J,7.7573985180231,-0.15866162085254487,3.499834,0.90194726,2991.1926,18.174347
1422931358178926976,87.23287866670364,31.622390189332368,415.8430951916703,235.49073824530697,teff,5.219714129590598,-0.0027157252595486625,1.9779806,1.063525,5419.155,16.409649
4321200548258363776,50.860740603618325,1.845644547126982,201.34996090686704,234.8982022791795,W1_W2,6.889811977298711,0.04049074959199217,2.7728615,0.9914722,3391.9663,17.177431
3335673121940641664,198.25613867371658,-7.384979650057757,432.75792821202145,234.77889695656808,teff,5.516886721703624,-0.17048937464753422,2.1905575,0.9737778,5278.863,17.276688
109893786310225920,157.9778109326013,-30.887879629612712,413.0268136808752,234.70426664811515,teff,5.321481483621252,-0.06759242809529553,2.2131824,1.0450908,5320.958,16.955273
4258936299958957184,30.82481084145435,-1.44571551872858,129.08435706716136,234.53723194427434,W1_W2,7.269057808716385,0.09127847288190338,2.6438189,1.0351107,3425.2915,16.557201
3681483341489618560,292.3917459783424,58.64779039639177,475.8476764649757,234.38161591657038,teff,5.03310130786734,-0.10488078527415823,1.9400253,1.0356443,5494.543,16.481901
3112425296039560192,214.30434509581525,0.8075870244555106,341.3117340327652,233.61376527453965,G_RP,3.6448705840820512,-0.14093713253351936,1.1205645,1.0149274,4902.3726,13.3174715
5208215263119785856,291.54513095106313,-26.32498657609392,163.36072597606793,233.48633328320494,BP_G,7.66771212878846,0.25721949582444026,3.6881905,0.9625962,3021.335,18.41076
5343338271468148480,291.5618419951966,5.346884598297185,456.5691556993813,233.2161115595869,teff,4.84014865065393,-0.08495532373786752,2.004922,1.0033435,5396.26,16.388523
4521710649770708992,43.25771110080461,13.633689309663042,340.9582630263063,233.17722214026057,amp,3.350038191855078,0.05965128782171547,1.159749,1.0655723,5253.0586,13.21091
2050210060451495552,69.05431968103755,9.87236475906387,346.36772017504194,233.1523011238128,BP_G,6.323105180692823,0.2604601069724488,3.5484238,1.0001931,3022.9824,18.452505
4006425551899547136,212.43438954678476,79.00776314277525,345.23836986030176,232.94784283525723,G_RP,3.814371098303231,0.10270766540825171,1.2124376,1.0292999,4571.4326,13.799995
4684153184843116288,306.0188034725438,-40.39695160494806,435.9104417601753,232.5769456390503,teff,4.709614864437619,0.10688205228415892,1.9784861,0.92466724,5344.249,16.083336
662867866437640704,205.10134302571373,31.413022390805423,201.5437193074894,232.07978003383485,G_J,7.459051838765285,-0.11702345840063444,3.3132706,1.000028,2957.793,18.375536
4291972814779227904,38.82310196346557,-5.095520123759495,352.35010050354333,231.93485142624587,teff,5.395925718288072,-0.012208159527856921,2.216648,0.92326665,5246.6606,16.65264
4181095072903565440,22.679074847777617,-16.011801863057496,302.1329216878033,231.6821046668574,teff,5.084795882470807,0.03541715251280131,2.14995,1.0197078,5323.237,15.901438
6764795042794194048,10.195312747338669,-19.78038745027427,213.77839647938387,231.6417439082978,G_J,7.110255396694253,-0.05030856243392634,2.737505,1.0459058,3204.3164,17.74788
2030251072547684864,67.41469124256662,-0.027954763102914382,224.95706668772414,231.22206979713633,W1_W2,6.83922193592266,0.2842751169118909,2.868538,0.96598774,3329.8867,17.452204
5215167509502957824,284.9788362207611,-20.87747811365422,476.23738858683924,231.08682719332347,teff,5.129742056819372,0.04745055579220825,2.2606602,0.90606517,5249.885,17.225073
2068244834283998208,81.19623693334893,1.9230985690002966,116.42352675114815,231.0738927206303,BP_G,7.996855174815015,0.1323468531182055,3.491928,0.95454895,3091.4204,17.802448
2829371111388232832,88.24740535056404,-37.26650987611908,367.7597048319309,230.91340761571368,amp,4.1383448967984355,0.18210554892935438,1.3398647,1.0635518,5300.029,14.402879
2678221415421551872,65.02058434560236,-45.64691646461943,167.23739099669504,230.72975058777152,G_J,7.49734975038474,0.058975160508657254,3.5367393,1.0108722,2936.4512,18.129553
2889737323411884160,239.67723724485995,-23.27100681247685,404.9360722518075,230.72380286039606,G_RP,3.909018785500949,0.12625743614756946,1.2852631,1.1124345,5202.5767,14.3398485
5573835662842720384,247.4070018831046,-20.744028021914815,168.7367663238659,230.69528288407372,teff,5.002105001189218,0.07158646252885781,1.9731007,1.0349505,5383.04,14.220672
4354240116725129216,10.781570362746681,28.2227423925008,291.2928112173489,230.42327007272772,teff,4.769811438762659,0.11117890911464734,2.2045755,1.0148926,5219.4233,15.762001
6530446959811273344,328.8846931504754,-67.7794665034308,424.04818716823564,230.39655770776196,teff,4.917966814323984,0.191257225923537,1.950386,0.9891689,5490.7134,16.103985
4184063101467450752,21.83443739267892,-13.34612619912666,463.62991339640354,230.34444668788785,teff,4.467523847097955,0.09915224743484519,2.0426292,0.9520051,5497.446,16.146645
5426563605088911616,266.98746960149214,7.783867216218706,292.1059760721395,230.3059163892093,teff,4.433497162700067,0.22615934408214944,2.0264454,1.1228931,5445.308,14.937025
3216833099143364224,205.91730953082453,-18.835283828345943,418.3955615515493,230.25362478864065,teff,3.614122174529543,0.2712754934806796,2.0456238,1.088307,5309.438,15.257327
2442398543748257024,85.17474587438693,-65.83272641138335,444.6440934681738,230.22309955615236,G_RP,3.2042789512080665,0.17744173315051182,1.162817,1.0500957,4947.9043,13.655926
6206768260064466432,337.6414268635799,19.482620147342583,259.19762213804086,230.19894702342867,teff,4.294505437727937,0.2608659189141802,1.7856798,1.0215758,5529.575,14.4796095
5292256301246831104,272.2963791115253,-19.503205747750506,471.52142416593585,229.85025224133693,teff,3.709346944648637,-0.0020081469305877064,1.3637695,1.1053053,5616.243,14.673454
5592473072135280640,246.03109008003037,-8.35338086901734,254.121481834472,229.81715227097254,W1_W2,4.590217525938434,-0.08938978453983193,1.5819674,1.0997277,4487.867,14.329573
70257251123371392,164.6185190165496,-22.018764342836842,236.8093309161029,229.5424922976535,G_J,6.8429463810437605,-0.17879629475489622,2.6349545,0.99997526,3277.6245,17.69089
2404901177151788544,51.06087597390152,-59.82905624203649,326.76032642642156,229.06679820885338,teff,5.402784821206866,-0.12078854585828758,2.046093,1.0369629,5317.442,16.174355
4074227524848192000,11.52751516294953,-13.711517830818511,284.8462810273238,229.05327278093745,teff,4.682586472142909,0.1892083663482822,2.147869,1.0611346,5356.3354,15.419492
5351038838614189312,287.18393200762137,1.7574115445331466,166.96931839999465,228.96506301393717,W1_W2,7.692916903666476,0.030141980296198412,2.9480572,0.93958735,3281.7188,17.771826
3946426649776667904,266.6828062307231,77.10052545412911,282.3850892201591,228.88665962155517,G_RP,3.2200608213449717,0.07474088591184458,0.9796257,0.96431667,5071.2314,12.335893
4653654141037690752,286.3632738346932,-37.51098295176931,226.57056984309813,228.79274635950432,G_J,6.764763079120961,0.09641089250008683,2.5637932,1.0108541,3240.9143,17.524645
6864366545226612480,19.062019278910284,-23.815803167532145,298.23202092589383,228.73233890234846,G_J,6.247397861150924,0.03899613283320846,2.3536854,0.9276616,3306.6008,17.544565
6209088538835945472,340.34122089774496,20.48098119567459,228.45151359968506,228.66623717988338,teff,5.115156825089486,0.033321880333703646,2.1439571,1.071166,5219.922,15.290617
5910297456584893440,328.9848849681751,-15.192766972762511,332.7389563180266,228.38416522462597,amp,3.8017705434273923,0.08244520000897193,1.2052526,1.1373409,5273.1914,13.630817
