HIP,Gaia,RA_ICRS,DE_ICRS,RV,e_RV,plx,e_plx,pmRA,pmDE,e_pmRA,e_pmDE,pmRApmDEcor,pmRAhg,pmDEhg,e_pmRAhg,e_pmDEhg,pmRApmDEhg,pmRAhip,pmDEhip,e_pmRAhip,e_pmDEhip,pmRApmDEhip,EpochRAgaia,EpochDEgaia,EpochRAhip,EpochDEhip,dpmRA,dpmDE,chi2,source_id,local_resultant,dv_kms
85567,4556905020537693696,262.30313017746,22.13188711291,-5.038,1.474,10.3542,0.1559,-35.225,-122.088,0.134,0.187,-0.0187,-35.312,-122.749,0.02,0.029,-0.2815,-34.565,-121.399,0.804,1.055,-0.1902,2015.9,2016.1,1991.2,1991.2,1e-04,-0.0002,12.75,4556905020537693696,0.49323187808620306,0.30689859802505143
19157,39026791568954112,61.59571506443,14.40248651811,69.56,0.212,17.2761,0.0593,57.65,66.323,0.099,0.058,0.1213,65.511,62.133,0.032,0.026,0.2333,67.091,59.01,0.995,0.77,0.1965,2016.2,2015.6,1991.1,1991.1,-0.0017,-0.002,11660.0,39026791568954112,0.4861308069498057,2.444591783734891
84187,4566990737619613184,258.13687011882,20.79914733178,-55.019,0.586,12.1324,0.0687,-259.762,-185.582,0.071,0.079,-0.0181,-259.549,-185.326,0.028,0.035,-0.0798,-259.193,-184.585,0.971,1.218,-0.1567,2015.8,2016.1,1991.1,1991.2,-0.0033,-0.0047,16.99,4566990737619613184,0.4664600130360932,0.12693989279856577
21588,3309990523179108480,69.53972623055,16.03321751201,38.4,2.9,17.8209,0.4222,84.967,-8.794,0.783,0.458,0.2548,92.486,-24.944,0.058,0.037,0.2911,110.744,-40.267,1.86,1.331,0.4795,2015.9,2015.9,1991.4,1991.3,-0.0015,0.0,1603.0,3309990523179108480,0.4577142882829112,4.738189200432964
21673,3309925278333043328,69.78859297705,15.7995549231,26.1,10.0,17.0392,0.4237,35.477,-63.675,0.639,0.335,0.0125,38.144,-69.83,0.047,0.029,0.1035,37.899,-71.076,2.653,1.748,0.6626,2015.9,2015.9,1991.4,1991.5,-0.0004,0.0007,355.1,3309925278333043328,0.45630128135583436,1.8655252811266307
50849,5472788001629290496,155.7470438211,-24.33376692625,,,4.5755,0.0492,20.387,-20.535,0.066,0.073,0.0662,21.556,-21.813,0.02,0.016,-0.0931,22.384,-24.48,0.598,0.506,-0.1515,2015.8,2015.8,1991.4,1991.5,0.0,0.0,612.1,5472788001629290496,0.4511942961780737,1.794831429612353
8323,520079071642252416,26.83021950787,68.58984518754,,,3.6391,0.0782,-8.525,1.513,0.09,0.115,-0.2367,-6.701,-0.878,0.027,0.027,-0.2399,-8.069,-0.725,0.785,0.786,-0.2655,2016.2,2016.0,1991.2,1991.2,0.0,0.0,637.1,520079071642252416,0.4478467495605898,3.911701215444014
64194,1556555732153431680,197.3438884384,51.15489963168,-39.309,0.376,8.0818,0.0386,-63.87,-11.668,0.041,0.058,0.1019,-65.429,-14.855,0.026,0.029,0.1038,-67.187,-12.547,0.818,0.754,0.0591,2015.9,2016.0,1991.4,1991.2,-0.0005,-0.0004,3173.0,1556555732153431680,0.4464590877961102,2.081519383455327
99885,2084473973811564544,303.98754005012,48.45133173504,,,3.9551,0.0217,-8.472,-15.015,0.03,0.032,-0.1292,-6.606,-15.709,0.025,0.022,-0.1689,-4.764,-12.216,0.863,0.596,-0.1239,2016.1,2016.2,1991.0,1991.3,0.0,0.0,2427.0,2084473973811564544,0.4461896582989825,2.38449807369673
99785,2084127627652690560,303.689937614,47.44062885114,-21.8,3.7,3.994,0.0472,7.299,5.341,0.071,0.073,-0.1049,8.045,5.581,0.018,0.016,-0.0037,7.972,5.834,0.583,0.516,0.0122,2016.1,2016.2,1991.2,1991.2,0.0,0.0,122.7,2084127627652690560,0.4452937974780637,0.9264008908888274
54553,3968790785004484992,167.4469907457,15.52217298847,4.146,0.561,22.7246,0.0151,-80.396,-182.106,0.027,0.02,0.043,-79.978,-181.975,0.138,0.092,-0.3215,-81.795,-180.55,3.996,2.838,0.0835,2015.7,2015.9,1991.7,1991.5,0.0004,0.0003,14.62,3968790785004484992,0.4451891876620781,0.0926110111781875
20877,3312910967798031360,67.10991877435,16.35975600876,16.661,0.161,16.803,0.1038,9.504,18.501,0.17,0.106,-0.0933,8.881,18.648,0.022,0.013,0.131,8.027,18.636,0.791,0.509,-0.1712,2016.0,2015.8,1991.3,1991.1,-1e-04,-1e-04,14.35,3312910967798031360,0.44294820300118704,0.17977554896489625
111294,1909242641024226304,338.19188015317,40.83019657271,,,2.1021,0.0261,-2.9,-6.312,0.024,0.037,-0.5041,-0.792,-5.888,0.031,0.03,-0.1998,1.057,-5.534,0.948,0.955,-0.1746,2016.3,2016.1,1991.2,1991.5,0.0,0.0,3781.0,1909242641024226304,0.43603955576578846,4.843523093231335
56282,3797206978968367616,173.07766610477,-0.41544312769,4.108,2.32,15.1318,0.2036,44.874,-157.942,0.255,0.194,-0.1531,43.361,-161.347,0.035,0.026,-0.2657,43.013,-158.209,1.116,0.79,0.0427,2016.0,2015.8,1991.2,1991.3,-1e-04,0.0002,377.2,3797206978968367616,0.43589316254846755,1.1662627908118421
21654,3309170875916905856,69.73925629058,14.10547702702,41.961,0.214,18.3908,0.2979,91.536,-20.423,0.441,0.277,0.111,99.652,-22.543,0.035,0.021,0.2066,103.284,-21.205,1.143,0.819,0.3322,2016.0,2016.0,1991.3,1991.1,-0.0018,0.0003,431.4,3309170875916905856,0.43426636408404934,2.162531912625937
62764,1528872640704853504,192.92765599562,44.02324258652,-2.559,0.445,7.0446,0.038,-41.54,-20.812,0.036,0.046,0.4393,-42.189,-20.588,0.03,0.032,-0.0346,-42.581,-21.631,0.841,0.866,-0.0885,2015.9,2015.9,1991.1,1991.1,0.0,-1e-04,256.4,1528872640704853504,0.43356790982847054,0.4584087239618742
20873,3310919202484088832,67.09798172481,14.74088950318,43.58,1.738,18.0316,0.5236,96.553,-15.772,0.771,0.398,-0.0851,104.08,-20.008,0.064,0.037,0.3185,109.679,-20.432,2.001,1.385,0.2221,2016.2,2015.8,1991.2,1991.0,-0.002,0.0002,191.2,3310919202484088832,0.433213984312641,2.270645483702081
13263,542487702728812928,42.66007970926,70.94953121266,,,3.532,0.0159,9.047,-13.317,0.017,0.025,-0.2372,9.494,-13.471,0.023,0.029,-0.2539,10.657,-14.798,0.708,0.896,-0.2383,2016.2,2016.2,1991.1,1991.1,0.0,0.0,241.7,542487702728812928,0.43102332777571883,0.6311573456522312
83692,4568140654982359424,256.57472804755,22.08398562861,-96.738,0.146,9.2856,0.0479,-98.351,-37.904,0.039,0.052,0.1302,-98.244,-38.069,0.013,0.014,0.1652,-97.42,-38.384,0.549,0.571,0.1265,2015.8,2016.0,1991.1,1991.0,-0.0021,-0.0011,18.51,4568140654982359424,0.4304017897103113,0.10189122471039737
23420,4817315003724089856,75.50308900681,-39.07724416472,,,5.2404,0.019,17.013,34.634,0.027,0.036,-0.1582,17.041,34.51,0.018,0.023,-0.051,16.406,34.8,0.493,0.773,0.1337,2016.0,2016.1,1991.4,1991.2,0.0,0.0,8.533,4817315003724089856,0.4283820998819562,0.11473724174640032
86254,4557634031105654400,264.3794902256,24.3100144674,-4.0,999.0,12.1085,0.2122,-25.328,1.821,0.236,0.273,-0.187,-11.61,6.593,0.011,0.016,-0.0215,-6.021,8.604,0.336,0.487,0.1261,2016.0,2016.1,1991.3,1991.3,0.0,0.0,4191.0,4557634031105654400,0.4281184139186446,5.685786613938367
25371,2985657480868113024,81.4126955333,-13.13262134491,-3.724,0.482,10.8059,0.02,-13.488,-69.441,0.026,0.025,-0.1077,-13.591,-69.398,0.021,0.02,0.0161,-13.602,-69.446,0.642,0.598,-0.141,2016.2,2016.3,1991.0,1991.2,0.0,-1e-04,10.55,2985657480868113024,0.4277055774659521,0.04730198315144118
5581,2482706399504319104,17.89591758164,-5.34024026239,,,3.008,0.0846,29.885,-5.335,0.137,0.113,0.6169,30.113,-8.368,0.031,0.024,0.2654,27.284,-6.298,1.02,0.701,0.3264,2016.0,2015.6,1991.3,1991.2,0.0,0.0,1158.0,2482706399504319104,0.426728598892718,4.793284801252911
102062,2063614004844763136,310.25153221376,39.08231971018,-20.4,7.4,3.99,0.2899,4.654,-1.951,0.393,0.414,-0.1401,3.713,-0.434,0.017,0.018,-0.1365,5.41,0.009,0.368,0.376,-0.0412,2016.1,2016.3,1991.3,1991.2,0.0,0.0,23.05,2063614004844763136,0.42635331334473686,2.1200470199615373
83490,4561598148480043520,255.96140165095,19.80060441923,-37.022,0.244,9.5532,0.0389,1.95,23.722,0.036,0.04,0.0657,1.846,23.6,0.028,0.029,-0.1432,0.537,22.687,0.894,0.878,0.1384,2015.9,2016.1,1991.2,1991.2,0.0,0.0002,11.41,4561598148480043520,0.4236770321503462,0.08061620101843464
13376,516267923817806592,43.027547407,65.63523159138,-3.0,2.5,3.3231,0.0219,-6.387,2.694,0.018,0.032,-0.4244,-6.211,1.974,0.013,0.016,-0.174,-6.265,1.391,0.379,0.539,-0.2698,2016.4,2016.4,1991.4,1991.2,0.0,0.0,396.2,516267923817806592,0.42198836687018576,1.050672876532316
85299,4059760254009463936,261.46317334497,-28.65601894598,15.098,0.364,14.3097,0.0206,-2.776,-105.852,0.03,0.021,0.1848,-5.136,-104.452,0.05,0.028,0.1128,-5.276,-110.558,1.715,0.86,0.084,2016.1,2016.4,1991.1,1990.9,0.0,0.0006,3773.0,4059760254009463936,0.4214920107467388,0.9091301368808153
55791,3812739573575629184,171.45823161408,3.85993630238,2.9,0.9,16.195,0.0761,-76.523,-29.035,0.115,0.094,-0.1478,-77.558,-37.812,0.022,0.019,-0.3529,-83.458,-34.314,0.664,0.653,-0.3076,2015.8,2015.8,1991.2,1991.2,1e-04,0.0,8928.0,3812739573575629184,0.4212900882169951,2.586382882779358
101284,2180065583451898880,307.94386216271,49.54238750729,-21.0,4.7,4.0736,0.0986,7.815,5.208,0.142,0.13,-0.301,7.388,5.827,0.026,0.027,0.156,8.593,7.696,0.681,0.679,0.1458,2016.2,2016.3,1991.4,1991.2,0.0,0.0,24.68,2180065583451898880,0.42111659823034,0.8746120361439577
111222,1909191926050052864,338.01191830616,40.3945782476,,,2.1405,0.0197,-3.49,-8.649,0.016,0.025,-0.5973,-2.861,-9.137,0.045,0.039,0.0715,-1.941,-7.471,1.389,1.429,0.0366,2016.3,2015.9,1991.1,1991.3,0.0,0.0,270.6,1909191926050052864,0.4206892011892127,1.7593509733341748
21402,3293714285052444800,68.91382450253,10.16061369991,23.97,0.18,19.5061,0.8276,47.937,-31.407,1.554,0.998,-0.455,50.418,-44.258,0.061,0.027,0.0342,43.759,-51.758,1.044,0.892,0.4987,2015.9,2016.0,1991.0,1990.8,-0.0006,0.0004,76.94,3293714285052444800,0.42043741507310195,3.180052803569338
85930,4549810348739267328,263.41412128724,16.31729528627,-23.693,0.129,10.1079,0.0438,-0.307,-55.438,0.057,0.056,0.1194,-1.687,-59.005,0.018,0.017,-0.1501,-5.67,-63.043,0.508,0.538,0.1779,2016.1,2016.3,1990.9,1991.0,0.0,-0.0003,4077.0,4549810348739267328,0.4199880838230555,1.7952797078968592
111590,1907904810250445440,339.09576645827,38.10506859315,,,2.1067,0.0347,-1.682,-6.829,0.043,0.042,-0.191,-1.685,-6.277,0.043,0.034,0.1173,-2.857,-7.485,1.466,1.118,0.0932,2016.0,2016.1,1991.2,1991.4,0.0,0.0,105.1,1907904810250445440,0.4187905559681978,1.2415073484742434
83507,4562009022231020416,255.9981680088,20.88010209019,-20.143,0.594,11.576,0.0966,-18.505,-26.926,0.096,0.121,0.1778,-18.535,-29.172,0.034,0.033,0.0031,-20.546,-24.545,1.029,1.124,0.3157,2015.9,2016.0,1991.1,1991.0,-1e-04,-0.0002,329.0,4562009022231020416,0.4152294352270303,0.9213084262110118
54998,3812275820186816128,168.91219946295,4.47730880589,-32.077,0.337,11.577,0.0216,-21.877,-105.146,0.036,0.027,-0.0605,-22.03,-105.179,0.033,0.028,-0.4986,-20.543,-105.973,0.969,0.85,-0.253,2016.1,2015.9,1991.3,1991.2,-0.0002,-0.001,13.06,3812275820186816128,0.4142809158934263,0.062193370325479426
103356,2162139936140541952,314.10184191354,43.90055886107,-4.572,0.133,3.9708,0.0257,-5.015,-22.608,0.04,0.046,-0.183,-4.691,-21.107,0.019,0.017,-0.1312,-2.671,-24.207,0.574,0.528,-0.1679,2016.1,2016.3,1991.2,1991.6,0.0,0.0,1087.0,2162139936140541952,0.4128472093464676,1.8302665686954227
71628,3650096824297677824,219.74789760672,-0.33238388856,,,4.0958,0.027,-25.801,-3.215,0.035,0.033,-0.3921,-26.016,-3.366,0.057,0.034,-0.2472,-28.806,-3.702,1.853,1.122,-0.0823,2016.0,2016.3,1991.1,1991.4,0.0,0.0,29.21,3650096824297677824,0.4090826037360533,0.30308099695850227
56497,5370395706424118784,173.73569677338,-49.13568152364,-0.615,0.135,16.5743,0.0559,-172.566,182.001,0.059,0.057,0.3021,-172.558,184.916,0.011,0.015,0.322,-172.685,188.856,0.382,0.5,0.2246,2016.1,2015.9,1991.2,1991.3,0.0022,0.0021,2648.0,5370395706424118784,0.40895157157588385,0.8352934403318333
55323,3817382433222679296,169.93584772671,6.18930133778,-6.765,0.122,16.1205,0.5774,118.483,-207.507,1.004,0.702,0.007,119.51,-213.609,0.063,0.053,-0.5192,124.771,-218.256,1.527,1.486,-0.4638,2015.9,2016.0,1991.5,1991.5,0.0002,-0.0006,76.16,3817382433222679296,0.4082236119095731,1.8196635576739695
21308,3293752390000875648,68.62633795885,10.01612152439,-62.3,3.0,19.6734,0.0655,115.292,-67.869,0.098,0.055,-0.1542,115.89,-67.977,0.031,0.018,0.0877,116.229,-67.597,1.099,0.749,0.0642,2015.9,2016.0,1991.3,1991.0,0.0035,-0.0023,34.94,3293752390000875648,0.4075667393359138,0.14821694918397527
10033,2494291678648211840,32.28763832893,-2.33216280335,-12.425,0.273,15.5874,0.021,-91.586,-45.316,0.034,0.026,0.1043,-92.092,-45.541,0.026,0.018,0.2773,-92.692,-45.434,0.861,0.633,0.2262,2016.0,2016.0,1991.5,1991.8,-0.0005,-0.0002,167.4,2494291678648211840,0.40750762555486697,0.16765513409990418
96006,2128398535625474944,292.81098524807,47.06084404696,,,4.0494,0.1314,4.067,4.909,0.22,0.226,0.1497,4.087,5.713,0.027,0.026,0.0712,6.618,8.097,0.846,0.744,0.1537,2016.1,2016.3,1991.2,1991.3,0.0,0.0,12.65,2128398535625474944,0.4057938769921387,0.9376409579227162
111344,1981633180927608064,338.3573176178,42.62966807877,,,2.0771,0.0185,-3.303,-9.459,0.02,0.023,-0.2926,-3.602,-8.889,0.023,0.029,-0.4711,-1.866,-7.2,0.698,0.912,-0.4068,2016.2,2016.1,1991.0,1991.3,0.0,0.0,251.8,1981633180927608064,0.40556378183087916,1.4712173655599394
54639,3817965105665685504,167.74744055802,6.4175277383,63.867,0.713,12.1413,0.0197,-567.731,-514.249,0.032,0.027,-0.2368,-567.2,-514.104,0.132,0.098,-0.1494,-565.197,-509.827,4.751,2.761,0.174,2016.1,2016.3,1991.2,1991.4,0.0132,0.008,19.42,3817965105665685504,0.40449492541613036,0.2227391171432512
96817,2080457973229581312,295.19503751768,46.38521865156,1.925,0.145,4.1559,0.014,16.815,-53.964,0.022,0.024,-0.0577,19.374,-52.999,0.019,0.017,-0.0974,20.78,-48.92,0.589,0.528,0.0374,2016.0,2016.1,1991.3,1991.2,-1e-04,0.0,9152.0,2080457973229581312,0.40422768070645515,3.1160275409187315
65132,3625301256543695744,200.20367720122,-7.90481587828,120.607,2.095,16.9486,0.0312,-128.873,-236.184,0.049,0.037,-0.6177,-129.294,-238.334,0.082,0.042,-0.3197,-127.261,-240.375,2.227,1.268,-0.433,2015.8,2015.6,1991.4,1990.8,0.0063,0.0124,1983.0,3625301256543695744,0.4035879848288787,0.6087905321404088
111605,1907878250172573568,339.15484294147,37.72928851622,4.7,999.0,2.078,0.0336,-1.977,-5.823,0.043,0.041,-0.1805,-1.876,-5.717,0.026,0.021,0.0612,-2.217,-7.287,0.9,0.703,0.196,2016.0,2016.1,1991.2,1991.3,0.0,0.0,10.51,1907878250172573568,0.4034243588730709,0.3300734115425687
95687,2129222688308337408,291.93941978228,47.53709559517,-1.064,0.153,4.0769,0.0344,-14.194,36.634,0.057,0.064,-0.0831,-15.118,36.522,0.022,0.018,0.0019,-15.741,36.214,0.639,0.57,0.1179,2015.9,2016.1,1991.3,1991.2,0.0,0.0,237.4,2129222688308337408,0.40297823243548453,1.0849905303804441
84579,4570439630716113408,259.33949968569,25.02225681399,-15.976,0.598,12.028,0.1211,-4.129,-94.839,0.136,0.159,0.0269,-12.498,-107.212,0.024,0.039,0.0893,-18.163,-118.176,0.713,1.258,0.0194,2016.1,2016.2,1991.2,1991.2,0.0,-0.0005,9169.0,4570439630716113408,0.40230428463712997,5.888467815176489
111438,1907463665569243008,338.64141383471,37.1023426161,-4.935,0.127,2.0882,0.0184,6.273,-9.474,0.023,0.022,-0.1619,5.571,-8.63,0.03,0.025,-0.0593,2.782,-9.949,1.061,0.852,-0.0655,2016.1,2016.1,1991.4,1991.4,0.0,0.0,899.7,1907463665569243008,0.40222966394147264,2.49465887213438
62197,1541016128160280192,191.21967602466,44.90245771005,3.34,2.676,7.1808,0.1891,6.746,-11.308,0.146,0.194,0.4713,6.386,-13.087,0.039,0.034,0.1278,7.63,-14.314,1.266,0.988,0.2851,2016.0,2015.8,1991.1,1991.1,0.0,0.0,85.38,1541016128160280192,0.4019571784797266,1.198796331498213
59080,3895404602962524544,181.73656780883,5.80235242119,2.585,0.216,22.0782,0.0243,240.863,-239.979,0.048,0.022,-0.3767,240.879,-243.087,0.055,0.038,-0.202,243.034,-246.794,1.471,0.851,-0.1442,2016.3,2015.8,1991.2,1991.6,-0.0007,0.0,5319.0,3895404602962524544,0.4006296570738275,0.6671994402120817
84976,4569257312120140800,260.51884441936,23.16162961049,,,12.5899,0.3496,-18.714,56.076,0.352,0.449,0.0848,-13.55,58.357,0.025,0.034,0.1334,-9.463,53.072,0.757,1.138,-0.0119,2015.8,2016.0,1991.5,1991.1,0.0,0.0,228.9,4569257312120140800,0.4006190287197282,2.1251643448331987
111429,1933243090072160896,338.62576062136,40.77488365007,-17.2,3.0,2.0603,0.0446,-1.631,-3.357,0.037,0.056,-0.4766,-2.402,-3.32,0.017,0.016,-0.1832,-1.841,-3.508,0.584,0.539,-0.0731,2016.4,2016.1,1991.5,1991.4,0.0,0.0,417.9,1933243090072160896,0.40031239243359745,1.781499303002045
8694,4962737682923477248,27.96765807204,-37.04177429563,0.076,0.185,11.6175,0.0181,20.07,42.765,0.014,0.019,-0.3196,20.31,42.7,0.017,0.019,0.0225,20.085,42.083,0.543,0.52,0.151,2016.0,2015.9,1991.4,1991.2,0.0,0.0,115.2,4962737682923477248,0.3999370434915617,0.10306435429806476
59905,3583796994697993856,184.31289115462,-7.81243587996,-4.378,0.493,20.9594,0.0228,-103.779,-52.214,0.032,0.024,-0.1503,-103.872,-52.059,0.066,0.034,-0.2116,-103.24,-51.32,1.695,0.917,-0.242,2016.1,2016.1,1991.1,1991.3,-0.0003,0.0,13.87,3583796994697993856,0.39987271397639557,0.04076471487533823
87366,5920877953901286016,267.77250541884,-54.26539943444,-5.986,4.121,4.6628,0.028,3.038,-47.354,0.037,0.035,-0.0094,1.506,-47.268,0.035,0.026,-0.3982,7.479,-48.477,1.189,0.766,-0.5121,2016.3,2016.4,1991.0,1991.1,0.0,0.0,918.6,5920877953901286016,0.39914939419674617,1.5620374005719313
112744,1932751470935475456,342.48751544772,41.23583625334,-9.843,1.913,2.0203,0.0216,18.85,-5.141,0.018,0.026,-0.2895,18.189,-4.472,0.04,0.034,-0.0262,18.667,-5.376,1.07,1.056,0.0752,2016.6,2016.1,1991.2,1991.5,0.0,0.0,434.8,1932751470935475456,0.39867526408204274,2.2107094816811506
55982,3800325090865568640,172.10376446611,2.78266617552,6.061,2.169,19.8879,0.0917,-119.22,-68.959,0.115,0.094,-0.1756,-118.976,-69.755,0.023,0.019,-0.3097,-118.965,-70.266,0.696,0.62,-0.1836,2016.0,2015.7,1991.2,1991.3,0.0004,0.0002,68.78,3800325090865568640,0.39848105523456434,0.19845050911407047
54299,3968543807205045248,166.63246846866,14.26102938601,16.332,0.227,24.6272,0.1042,201.388,-308.971,0.197,0.129,0.1583,204.289,-308.944,0.058,0.037,-0.452,208.263,-303.658,1.225,0.964,-0.3027,2015.8,2015.9,1991.5,1991.5,-0.003,0.0025,201.8,3968543807205045248,0.3959800425842417,0.5588953419677943
63212,1527702244937849856,194.28374693305,42.39123280058,8.807,0.2,7.1095,0.0132,-70.527,12.887,0.017,0.018,0.2585,-70.705,12.863,0.031,0.031,-0.0659,-72.352,12.215,0.927,0.99,-0.0333,2015.9,2015.9,1991.1,1991.1,1e-04,-0.0003,25.5,1527702244937849856,0.394901732181658,0.11671030545601661
111400,1908337811673245440,338.53031118496,39.33550973204,-22.4,999.0,2.0267,0.0329,-2.866,-6.36,0.038,0.047,-0.2602,-2.298,-4.972,0.031,0.028,0.0704,-0.18,-7.735,1.154,0.94,0.2074,2016.0,2016.1,1991.0,1991.4,0.0,0.0,896.3,1908337811673245440,0.3944324181497973,3.505171526090513
62969,6185219928099991168,193.55278220007,-29.40416765712,,,4.5798,0.2417,-22.198,0.043,0.362,0.204,-0.2914,-19.697,0.067,0.073,0.061,-0.227,-18.486,0.335,1.099,0.69,-0.1773,2016.5,2016.5,1990.9,1991.2,0.0,0.0,50.53,6185219928099991168,0.393624029071361,2.5903949272446565
102127,1856573663242004096,310.43498179107,28.26963315725,-2.345,0.419,5.5062,0.2043,-3.771,-12.191,0.221,0.227,-0.2871,-2.846,-13.684,0.018,0.021,-0.052,-1.979,-13.626,0.52,0.63,0.1702,2015.9,2016.1,1991.3,1991.2,0.0,0.0,48.69,1856573663242004096,0.39256370290312864,1.5129793123525659
58384,5369011455643660032,179.57809696737,-51.51584840325,38.853,0.287,13.9982,0.12,30.556,-2.874,0.127,0.122,0.3441,30.6,-1.958,0.053,0.043,0.2508,30.593,-1.417,1.082,0.911,0.2029,2016.2,2015.9,1991.0,1991.2,-0.0004,1e-04,54.45,5369011455643660032,0.39184333754009126,0.31169463645860973
12170,5127288703349930112,39.2088808829,-20.12211460874,-6.941,0.14,6.6609,0.0242,-33.124,-39.526,0.031,0.031,-0.1231,-33.087,-39.626,0.018,0.017,0.2177,-34.489,-40.468,0.579,0.549,0.3164,2016.5,2016.4,1991.1,1991.2,-1e-04,0.0,8.756,5127288703349930112,0.39113484306622415,0.07652830091772322
88405,6417918885377868288,270.76989062846,-74.31170899554,-29.052,0.681,18.4054,0.1466,-29.342,1.362,0.163,0.197,0.0915,-27.997,1.939,0.019,0.028,-0.072,-28.779,1.904,0.542,0.814,-0.119,2016.0,2016.1,1991.2,1991.1,-0.0004,0.0002,72.06,6417918885377868288,0.3905762980049436,0.3760147229090974
41404,680022210631907456,126.69609118642,26.93549385137,-28.5,4.3,9.4528,0.0351,-7.487,1.202,0.047,0.037,-0.4569,-7.322,1.143,0.033,0.022,-0.203,-9.018,0.841,0.84,0.721,-0.3111,2016.2,2015.9,1991.4,1991.1,-1e-04,0.0,8.426,680022210631907456,0.3904039428533924,0.09022293380224297
77066,1404300206661736320,236.0404672329,50.9077744202,-8.741,0.195,2.4695,0.0135,0.854,-5.421,0.024,0.023,0.0763,2.397,-5.271,0.03,0.027,0.1335,3.347,-4.674,0.85,0.841,0.0489,2016.0,2016.1,1991.3,1991.2,0.0,0.0,1611.0,1404300206661736320,0.3893025865204034,2.9787685789887712
64123,1526003499473980800,197.13611821401,42.1477495719,-14.3,2.3,6.9441,0.0377,-22.393,-19.152,0.034,0.036,0.677,-25.603,-22.312,0.023,0.022,0.2544,-26.178,-21.33,0.679,0.664,0.0835,2015.8,2015.7,1991.1,1991.0,0.0,-1e-04,7643.0,1526003499473980800,0.3891131296689087,3.0737950039767696
63594,1529948650273423744,195.4839852622,45.44214145982,-6.143,3.371,7.7747,0.0133,26.368,-9.332,0.012,0.015,0.3737,26.502,-11.419,0.03,0.031,0.2903,26.123,-13.496,0.951,0.868,0.0539,2016.0,2015.9,1991.2,1991.1,0.0,-1e-04,4192.0,1529948650273423744,0.38888484225128905,1.2767191060534449
91951,2098135543220177152,281.14741836687,39.07097729714,,,3.7063,0.029,1.498,7.875,0.044,0.046,-0.1682,1.415,8.416,0.019,0.018,-0.0485,1.907,8.555,0.572,0.668,-0.0276,2016.1,2016.2,1991.1,1991.3,0.0,0.0,118.4,2098135543220177152,0.3888117800983136,0.6956731256399443
8573,5136309818298723840,27.63807385796,-20.04406795931,20.834,0.809,5.031,0.1052,24.525,-40.82,0.125,0.1,0.0596,26.602,-41.022,0.042,0.029,0.2104,25.557,-42.259,1.122,0.821,0.4689,2015.9,2015.9,1991.4,1991.1,0.0,1e-04,259.8,5136309818298723840,0.3887508878563085,1.9694138622728556
44135,5297546498364785536,134.83551513763,-63.46674207302,,,6.9146,0.0457,-39.741,16.413,0.099,0.085,0.1412,-38.742,15.755,0.025,0.022,-0.0344,-36.763,15.658,0.614,0.565,-0.2086,2016.0,2016.2,1991.5,1991.4,1e-04,0.0002,173.5,5297546498364785536,0.38871025773051693,0.8203130196889828
65078,3624877291732019968,200.09215892959,-9.05977739322,2.042,0.164,15.9058,0.026,50.8,-12.623,0.044,0.032,-0.4175,50.896,-12.495,0.043,0.027,-0.405,50.788,-11.874,1.195,0.732,-0.3645,2016.0,2016.0,1991.4,1990.8,0.0,0.0,18.84,3624877291732019968,0.38832123884632497,0.0482340598096759
5865,533119348267191296,18.80084679922,69.61525712973,,,3.5107,0.0202,9.985,-15.141,0.026,0.03,-0.162,10.039,-15.006,0.02,0.022,-0.17,10.884,-15.56,0.634,0.703,-0.2161,2016.3,2016.0,1991.3,1991.2,0.0,0.0,18.66,533119348267191296,0.38767310163527313,0.19935254171502226
82383,5964445792916037376,252.51482851665,-43.64085684517,1.578,10.027,25.73,0.0797,56.389,-202.515,0.125,0.101,0.0698,58.901,-206.186,0.064,0.049,-0.1488,59.452,-209.88,1.934,1.433,-0.0722,2016.2,2016.3,1991.2,1991.2,0.0006,0.0004,1420.0,5964445792916037376,0.3872945239285022,0.8194943179809586
4100,377521891539083392,13.15836133788,45.13328981777,-2.576,1.235,3.4805,0.099,-2.499,-23.709,0.136,0.096,-0.2284,1.028,-24.943,0.022,0.018,0.0614,-3.316,-24.234,0.663,0.507,0.1097,2016.3,2016.3,1991.5,1991.7,0.0,0.0,704.3,377521891539083392,0.3863950783843132,5.086393833984417
41574,678641911223796608,127.15312062039,24.14470259877,9.0,4.3,8.4885,0.2314,-30.946,-49.719,0.374,0.33,-0.5657,-30.414,-50.946,0.034,0.023,-0.1745,-31.463,-51.938,1.364,1.308,-0.5669,2016.1,2015.9,1991.5,1991.2,1e-04,1e-04,14.4,678641911223796608,0.38553666452241697,0.7466468406569006
64363,1526668978884257920,197.87614740685,44.1121256042,-11.259,0.475,7.3303,0.0616,-107.461,-8.026,0.061,0.068,0.2852,-107.192,-8.052,0.053,0.053,0.3133,-108.492,-7.8,1.677,1.494,0.1809,2016.0,2015.7,1991.0,1991.1,-0.0002,-0.0007,13.02,1526668978884257920,0.385456812095252,0.1778368438667279
10523,5125016940528535168,33.90296054208,-19.99819745881,-14.63,2.138,5.0814,0.0864,7.099,-15.704,0.102,0.093,0.0636,8.383,-18.872,0.05,0.047,0.2563,8.662,-23.754,1.572,1.422,0.3503,2015.9,2016.1,1991.3,1991.3,0.0,0.0,1140.0,5125016940528535168,0.38484322251852976,3.190044908252853
83056,4565081019061253632,254.57036338952,21.67150639172,51.612,0.543,9.7863,0.2383,-69.554,-159.326,0.297,0.311,0.1846,-61.661,-170.07,0.049,0.054,0.0735,-63.552,-161.798,1.405,1.769,0.2422,2015.9,2016.1,1991.1,1991.1,0.0012,0.0019,2243.0,4565081019061253632,0.38372340107882935,6.458914605525101
22616,3294404022439950720,72.98835675451,9.87258100879,38.018,0.555,18.6035,0.05,20.708,-28.117,0.074,0.049,-0.0371,20.94,-28.249,0.028,0.017,0.2628,22.253,-29.141,1.144,0.915,0.6194,2016.0,2015.9,1991.1,1990.8,-0.0004,0.0005,15.06,3294404022439950720,0.3836586936532457,0.0684346997031134
103528,1873462058759751552,314.61365284643,41.35777158618,-52.609,2.228,4.059,0.1859,3.742,4.363,0.255,0.268,-0.0678,6.563,5.781,0.021,0.024,-0.1114,5.667,4.661,0.583,0.883,-0.0152,2016.2,2016.3,1991.3,1991.6,0.0,0.0,158.2,1873462058759751552,0.383630979516439,3.6838573711016793
44030,5760861216335946880,134.49371419552,-4.85947549271,-8.2,0.5,18.1214,0.1356,-19.077,-47.047,0.189,0.159,-0.2945,-9.863,-36.788,0.03,0.016,-0.2263,-15.107,-33.795,0.831,0.443,-0.3416,2016.0,2016.2,1991.6,1991.3,-1e-04,-0.0002,8998.0,5760861216335946880,0.3829252187266253,3.608736098091998
41798,904852749165352192,127.83310720363,37.26481091358,16.0,4.3,5.5122,0.0481,-15.222,-30.07,0.061,0.055,-0.4533,-14.807,-29.84,0.022,0.013,-0.266,-14.404,-29.238,0.752,0.521,-0.4567,2016.1,2015.9,1991.5,1991.2,1e-04,1e-04,100.1,904852749165352192,0.3822350410821857,0.4139108819602652
59301,3895148348033828736,182.49511595664,5.45400701526,,,22.8583,0.0471,28.885,-105.791,0.067,0.047,-0.352,29.253,-106.555,0.163,0.12,-0.4353,29.008,-105.793,4.082,2.815,-0.296,2016.0,2015.4,1991.4,1991.4,0.0,0.0,35.16,3895148348033828736,0.3814576709669469,0.17613158139139168
16014,5053301122808564608,51.54876630563,-33.78286476129,64.892,1.312,7.8367,0.0364,54.268,-35.755,0.04,0.054,-0.26,54.023,-35.448,0.023,0.033,-0.0917,55.178,-34.605,0.695,0.949,0.1386,2016.0,2016.1,1991.4,1991.2,-0.0006,0.0006,42.43,5053301122808564608,0.3814279335357126,0.2365552646701593
101372,2181675440274682368,308.18310813363,53.02513197581,-14.0,6.4,4.5661,0.0263,8.295,4.39,0.049,0.042,-0.0426,8.123,3.988,0.018,0.015,0.0269,8.163,4.232,0.592,0.496,0.0718,2016.3,2016.2,1991.3,1991.1,0.0,0.0,93.26,2181675440274682368,0.3813400855868834,0.45735048768559994
40200,682695707514922752,123.16463325474,26.2241335879,,,9.2171,0.3904,7.275,-12.73,0.602,0.399,-0.1684,3.703,-11.745,0.616,0.407,-0.9811,4.606,-11.076,2.082,1.204,-0.6938,2016.3,2016.0,1991.5,1991.6,0.0,0.0,17.91,682695707514922752,0.3811394234374849,1.903146881417352
86634,4552521194658505728,265.52504632537,20.16658173085,-46.043,0.198,8.4641,0.0198,-4.182,51.364,0.024,0.027,0.2482,-4.032,51.324,0.023,0.023,-0.014,-4.133,51.779,0.998,0.796,0.1327,2016.0,2016.2,1991.3,1991.1,0.0,0.0005,22.75,4552521194658505728,0.3807243811982962,0.08732986835448564
7486,519589376653043968,24.09839878469,67.61499402345,-10.0,5.1,3.5581,0.0231,25.731,-9.388,0.026,0.034,-0.0853,25.856,-9.485,0.018,0.018,-0.3515,24.735,-9.207,0.597,0.571,-0.3228,2016.2,2016.1,1991.4,1991.3,0.0,-1e-04,19.22,519589376653043968,0.38067628669707443,0.20544029904242492
58948,3905768599567468544,181.30120083293,8.73316255839,-31.019,0.192,19.4936,0.1658,-225.029,33.282,0.228,0.187,-0.4986,-228.006,46.749,0.019,0.013,-0.2934,-219.599,57.601,0.569,0.366,-0.2003,2016.1,2015.6,1991.3,1991.6,-0.0035,0.0,5851.0,3905768599567468544,0.37976743336604635,3.3540547038749464
111916,1932066234673212032,340.05225038794,38.97345928602,-35.3,999.0,2.0849,0.0208,-1.815,-5.676,0.029,0.028,-0.3853,-1.882,-5.328,0.039,0.033,0.0046,-2.784,-5.393,1.379,1.003,0.1034,2016.0,2016.1,1991.0,1991.4,0.0,0.0,64.65,1932066234673212032,0.37971874059691646,0.8063361362097787
3223,381335783844895744,10.2415942965,41.73078754623,6.311,0.985,3.4559,0.0437,-2.008,-9.686,0.049,0.055,0.0207,-1.854,-11.519,0.033,0.029,0.1202,-1.693,-10.469,0.94,0.756,0.0322,2016.4,2016.5,1991.3,1991.9,0.0,0.0,891.8,381335783844895744,0.3790897780030499,2.5201545649821457
21830,4814747472273940096,70.3965349892,-43.00974845527,-12.33,0.747,5.1552,0.0219,23.355,-41.894,0.033,0.037,-0.084,22.94,-41.729,0.029,0.034,-0.1754,22.893,-42.329,1.113,1.069,-0.2516,2016.1,2016.2,1991.2,1991.1,1e-04,0.0,94.35,4814747472273940096,0.3784073025801465,0.4065317775308652
60574,3692997981308734592,186.2450454713,-4.22658659919,60.049,5.455,20.9356,0.1474,-121.497,-210.333,0.253,0.186,-0.2689,-142.4,-210.96,0.028,0.023,-0.3801,-124.841,-211.01,0.79,0.65,-0.5148,2016.0,2016.0,1991.4,1991.6,0.0037,0.0067,7437.0,3692997981308734592,0.3783281075182276,4.733530746583508
10321,333106054183616000,33.22952497485,40.66793054096,6.556,0.181,37.8945,0.0636,68.849,-102.702,0.101,0.092,0.1633,57.473,-97.616,0.019,0.016,0.1771,58.965,-108.519,0.616,0.522,0.1094,2016.2,2016.1,1991.1,1991.5,-0.0008,0.0004,17640.0,333106054183616000,0.3772975540440425,1.5591199210433122
69270,1257136244640300544,212.71625033314,24.206446155,-37.931,2.255,15.2181,0.3738,43.407,9.966,0.422,0.429,-0.0496,41.521,11.801,0.06,0.054,-0.195,41.16,9.382,1.502,1.363,-0.4355,2016.1,2016.3,1991.3,1991.3,0.0006,1e-04,35.73,1257136244640300544,0.37691564507650344,0.8183693352382092
65347,1469801069265938560,200.90088440426,33.37356588661,-16.527,9.663,7.9447,0.0139,-12.682,-21.944,0.015,0.016,-0.0928,-12.817,-21.99,0.032,0.023,0.0188,-11.392,-21.992,0.966,0.753,-0.182,2015.7,2016.1,1991.2,1991.0,0.0,-1e-04,17.14,1469801069265938560,0.37664566410081546,0.08309513659750918
62826,1567406228293380864,193.11844059955,49.35256983498,2.416,0.505,4.6966,0.0158,-29.076,-24.894,0.017,0.02,0.3091,-29.595,-23.912,0.038,0.042,0.1382,-30.714,-21.691,1.083,1.263,0.0555,2016.0,2015.8,1991.3,1991.0,1e-04,-1e-04,715.6,1567406228293380864,0.3765929090879097,1.1166449053217236
6192,293278891165456128,19.86166376187,24.40254788336,29.761,0.245,14.1472,0.0215,187.145,-132.677,0.033,0.021,0.3148,186.972,-132.703,0.033,0.026,0.1956,186.461,-132.375,1.127,0.819,0.0826,2016.1,2016.4,1991.2,1991.0,-0.0027,0.0005,13.75,293278891165456128,0.3761474665665742,0.059263724621716904
116009,2388381770858334592,352.56695054821,-21.88261009205,-10.265,4.321,8.21,0.222,51.684,34.082,0.339,0.298,0.1571,56.699,36.012,0.035,0.03,0.1816,51.635,32.629,1.358,1.004,0.0808,2016.0,2016.0,1991.3,1991.2,1e-04,1e-04,234.3,2388381770858334592,0.37613314614272586,3.1031639276360665
8956,5137875110539825024,28.83201708613,-19.27570424037,16.423,4.221,5.3032,0.0857,-2.149,-60.751,0.103,0.089,-0.0027,-1.514,-61.011,0.044,0.034,0.0504,-0.47,-62.36,1.434,1.112,0.0685,2015.9,2015.8,1991.1,1991.6,0.0,1e-04,39.82,5137875110539825024,0.3759923784572944,0.6161063338327352
99824,1835335977682835200,303.8162686718,25.59193782469,-7.0,1.7,5.6918,0.2319,7.086,-5.432,0.235,0.27,-0.2436,7.374,-4.548,0.017,0.019,-0.2817,6.714,-4.244,0.412,0.428,-0.252,2016.1,2016.0,1991.1,1991.4,0.0,0.0,14.96,1835335977682835200,0.375590830181617,0.771834772143314
17960,43802039287826432,57.59623192569,17.4752918287,-9.176,0.125,21.4719,0.0241,113.433,-251.101,0.04,0.024,0.0954,113.38,-251.257,0.029,0.019,0.1955,113.968,-251.777,0.992,0.829,0.1753,2016.2,2015.4,1991.1,1991.0,0.0,-0.0015,25.95,43802039287826432,0.3744682448894393,0.03575450630550092
21786,4790234887028442240,70.20239194328,-45.7930211318,,,5.4406,0.0799,-15.572,2.627,0.11,0.141,-0.2028,-20.331,4.21,0.018,0.018,-0.0335,-19.691,3.106,0.552,0.575,0.0346,2016.1,2016.2,1991.3,1991.2,0.0,0.0,1825.0,4790234887028442240,0.37387936855452913,4.365961031400109
91841,2119801557282726912,280.867962579,47.70362883345,-17.695,0.38,3.7792,0.0115,4.718,-1.304,0.019,0.018,-0.0627,5.824,-1.128,0.029,0.03,-0.1071,7.112,-1.374,0.804,0.962,-0.0986,2015.8,2016.2,1991.3,1991.3,0.0,0.0,1078.0,2119801557282726912,0.37375446086833264,1.402338072177287
8632,518229693086021760,27.83412055111,64.86259343672,,,3.4918,0.1404,2.753,-8.671,0.141,0.171,-0.3815,3.954,-9.883,0.038,0.045,-0.4382,5.719,-10.129,1.227,1.313,-0.5458,2016.2,2016.1,1991.1,1991.0,0.0,0.0,84.02,518229693086021760,0.3734616918265034,2.3108965776014876
63874,1527477184355484544,196.36342655876,41.68111769884,28.3,0.5,8.053,0.0348,59.858,-15.455,0.032,0.032,0.5269,59.882,-15.69,0.032,0.031,0.2928,59.195,-15.201,0.872,0.921,0.2049,2016.0,2015.8,1991.1,1990.9,-0.0004,-1e-04,37.39,1527477184355484544,0.373277859848735,0.14061691394348189
10339,333053037107550080,33.30591030125,40.50718787326,6.355,0.145,38.3338,0.0285,59.158,-90.542,0.035,0.044,0.2878,58.564,-92.428,0.02,0.017,0.1904,57.957,-96.049,0.584,0.593,0.2294,2016.1,2015.9,1991.3,1991.4,-0.0006,0.0004,1621.0,333053037107550080,0.371969668572687,0.2440849864943161
51000,5469034062773503232,156.26962882415,-26.35806258266,31.087,0.15,4.7005,0.0353,-40.457,-0.455,0.058,0.045,0.2162,-40.339,-0.213,0.024,0.018,0.0201,-40.032,-0.8,0.623,0.574,-0.1624,2015.7,2015.9,1991.3,1991.3,1e-04,1e-04,26.04,5469034062773503232,0.3716099760657617,0.27614192462948806
97124,2073199066196008576,296.09483127549,39.28893722283,-19.778,2.112,5.1421,0.0661,8.07,16.961,0.094,0.103,-0.0329,7.951,19.782,0.022,0.022,-0.0877,7.6,21.434,0.621,0.778,-0.0226,2016.2,2016.2,1991.1,1991.0,0.0,0.0,719.0,2073199066196008576,0.37136690437419906,2.600251058464213
91972,6654941706489708032,281.19989303401,-51.47597081722,81.959,0.452,2.7442,0.0205,0.259,-4.907,0.028,0.026,-0.1536,-0.318,-6.477,0.038,0.031,0.2251,-1.186,-9.596,1.276,1.042,0.4991,2016.6,2016.8,1991.3,1991.4,0.0,0.0,1557.0,6654941706489708032,0.37102997124508175,2.8941416830104574
32314,5501724291516866304,101.19271948172,-52.42353762729,,,4.7186,0.0692,-5.47,12.278,0.139,0.141,0.356,-6.429,11.571,0.039,0.042,-0.1911,-5.853,12.363,1.046,1.186,-0.2903,2016.1,2016.3,1991.4,1991.4,0.0,0.0,52.31,5501724291516866304,0.3708223775707513,1.1915381758531631
47851,801608096216800000,146.30439817796,41.15507837172,,,3.0189,0.0674,-1.73,-3.826,0.086,0.101,-0.6032,-2.149,-4.475,0.124,0.063,-0.1161,-5.427,-5.857,2.535,1.3,0.131,2016.2,2016.6,1991.0,1990.5,0.0,0.0,54.08,801608096216800000,0.3704430522629384,1.205635777760885
64261,1525957938460947968,197.56672495465,41.81733319668,-6.306,0.581,6.9119,0.0636,-26.17,-21.119,0.058,0.059,0.6805,-25.741,-22.258,0.037,0.037,0.1661,-27.679,-22.163,1.054,1.135,0.0563,2015.9,2015.8,1991.2,1991.1,0.0,-1e-04,583.9,1525957938460947968,0.37017989892142,0.8373350022313967
88785,6418838523772002688,271.86711566019,-73.0967580019,26.563,0.174,16.7431,0.0145,19.85,53.168,0.017,0.019,-0.0293,19.453,52.914,0.026,0.034,0.0237,18.631,52.754,0.695,0.935,-0.1266,2016.1,2016.1,1991.2,1991.2,-0.0004,-0.0005,203.3,6418838523772002688,0.36988915722679183,0.13454540243968988
86847,5957213823943185152,266.17506654147,-42.72924688078,-8.8,1.8,13.0531,0.5988,4.431,15.59,0.841,0.506,-0.1819,4.526,7.391,0.036,0.021,-0.0911,4.845,-0.709,0.815,0.538,0.011,2016.1,2016.8,1991.1,1990.9,0.0,0.0,226.6,5957213823943185152,0.3697158407292951,2.97840494652419
46154,1023126051029491328,141.18404801246,54.68369496096,-22.773,0.265,2.6031,0.0231,-28.011,-1.842,0.03,0.026,0.0885,-28.161,-2.04,0.033,0.023,0.1294,-30.539,-2.72,0.944,0.6,0.3352,2016.0,2016.2,1991.2,1991.1,0.0,-1e-04,39.72,1023126051029491328,0.3692800566090616,0.4433797511097453
9820,80254560597784576,31.59241666032,16.87393987618,25.529,0.127,13.1787,0.0292,30.429,40.208,0.034,0.034,0.4347,30.975,39.287,0.038,0.023,0.059,33.154,37.591,1.519,0.918,0.1756,2016.0,2016.2,1990.9,1991.7,-0.0002,-0.0004,792.7,80254560597784576,0.36926561912041816,0.3848330518746914
26138,3224377462601143808,83.60244403728,3.56133827969,,,4.9079,0.1555,4.007,-7.96,0.185,0.148,-0.1684,3.473,-8.668,0.034,0.017,-0.0041,2.327,-7.197,1.017,0.465,-0.0175,2016.2,2016.7,1991.3,1991.0,0.0,0.0,36.02,3224377462601143808,0.36900799685621105,0.8509309410292347
342,2341514847206880640,1.07919279734,-20.56910119053,2.263,0.626,8.386,0.025,30.699,-52.446,0.035,0.024,-0.0027,28.556,-52.648,0.044,0.029,0.1968,28.801,-52.28,1.346,0.758,0.0024,2016.0,2015.6,1991.4,1991.6,0.0,0.0,1446.0,2341514847206880640,0.36895498078246114,1.215797780128701
82697,6033032950328939264,253.56243898294,-28.11511708189,-16.049,0.193,13.7685,0.1905,16.005,-41.61,0.304,0.2,0.134,18.069,-40.643,0.054,0.038,0.1992,16.502,-44.412,2.112,1.507,0.3047,2016.1,2016.2,1991.4,1991.3,1e-04,-0.0002,59.63,6033032950328939264,0.3689151627961837,0.7842675298598369
65052,1562991448589257344,200.01220509488,52.97684770168,-33.59,2.029,7.6459,0.1656,31.282,-15.452,0.207,0.258,0.2161,30.796,-18.07,0.041,0.034,0.0981,32.141,-20.696,1.326,0.917,-0.0032,2015.9,2015.7,1991.5,1991.2,0.0002,-0.0002,101.4,1562991448589257344,0.36864974946298396,1.65218917913705
24878,3446833992324818432,80.00323247598,30.51056471398,1.796,0.532,7.1224,0.021,-7.735,5.652,0.032,0.022,0.0659,-7.146,5.246,0.039,0.021,-0.0174,-5.64,4.362,1.291,0.692,0.0079,2016.0,2016.2,1991.1,1990.8,0.0,0.0,315.6,3446833992324818432,0.3685751611141753,0.47676871087986383
112778,1932855787101481216,342.59077565911,41.9533873273,-15.8,3.1,2.0266,0.13,5.105,-1.666,0.103,0.144,-0.3173,7.821,-2.236,0.016,0.02,0.0558,7.842,-3.319,0.384,0.467,0.1355,2016.6,2016.2,1991.0,1991.5,0.0,0.0,695.7,1932855787101481216,0.36848386818192136,6.48592330456797
64498,3684642758088150784,198.30673034578,-2.55587511584,-11.766,0.226,17.442,0.1067,-129.06,-32.388,0.172,0.122,-0.5544,-121.19,-35.446,0.044,0.035,-0.5957,-115.64,-32.571,1.161,1.056,-0.5992,2016.0,2016.0,1991.2,1991.2,-0.0007,-1e-04,1963.0,3684642758088150784,0.3681431927523678,2.2953066979393233
111828,1904855589630430080,339.76908580003,37.37539182037,-11.9,4.4,2.1692,0.0693,-3.213,-5.746,0.079,0.076,-0.1928,-2.318,-5.803,0.025,0.022,0.2292,-2.267,-6.101,0.761,0.695,0.3805,2016.1,2016.2,1991.4,1991.5,0.0,0.0,118.7,1904855589630430080,0.36753774839862996,1.955165302004496
55605,3817534337625985280,170.87510201344,7.0246970488,69.975,0.522,27.0251,0.4692,172.106,-49.88,0.77,0.565,-0.0723,180.515,-74.469,0.544,0.379,-0.3519,224.928,-106.342,15.164,11.932,-0.1394,2016.1,2016.0,1991.4,1991.4,-0.0083,0.0022,1316.0,3817534337625985280,0.36715188533039333,4.557636598574224
115950,2012040346793641728,352.37557929626,59.60355556755,72.101,8.836,2.1705,0.0198,6.552,-1.9,0.028,0.028,-0.3344,6.053,-1.787,0.025,0.025,-0.1357,6.323,-1.552,0.787,0.818,-0.1244,2016.1,2015.9,1991.2,1991.4,0.0,0.0,181.6,2012040346793641728,0.3671500684180668,1.1251068509745497
112564,1983858489381836416,341.97690155863,45.39340533039,-7.619,0.271,2.1093,0.0313,-5.111,-12.941,0.033,0.038,-0.3589,-3.456,-11.799,0.02,0.024,-0.2973,-3.591,-10.04,0.633,0.679,-0.0126,2016.3,2016.2,1991.2,1991.4,0.0,0.0,3612.0,1983858489381836416,0.36696535343877656,4.5142949803761585
52720,3802693370192254336,161.6779398107,-1.68858983564,32.961,0.528,17.9129,0.0168,88.176,-142.442,0.021,0.021,-0.1432,87.655,-142.596,0.045,0.029,-0.1615,87.116,-143.17,1.324,0.942,-0.0345,2016.0,2015.8,1991.1,1991.6,-0.0013,0.0021,143.4,3802693370192254336,0.366799243764765,0.14256441979379933
43558,5705647831199360384,133.06781422628,-18.61599379558,10.12,0.313,15.4157,0.315,-47.551,-16.955,0.407,0.377,-0.2045,-48.965,-8.641,0.029,0.023,-0.2204,-50.536,-5.065,0.855,0.651,-0.4254,2016.3,2016.3,1991.0,1990.9,0.0002,1e-04,484.6,5705647831199360384,0.36624003693424434,2.5941151984534687
91348,2117623149871371392,279.47941724577,45.06144825638,-32.458,0.457,3.6742,0.0265,1.217,-9.637,0.04,0.045,-0.0207,1.842,-9.249,0.027,0.026,0.0784,3.154,-6.749,0.763,0.795,0.1941,2016.1,2016.2,1991.3,1991.4,0.0,0.0,222.9,2117623149871371392,0.3658883151919783,0.945221164290769
30566,5581506508793370496,96.37502674494,-35.06434773751,18.855,0.166,5.9555,0.0225,0.678,-44.368,0.034,0.04,-0.0027,0.574,-44.508,0.014,0.014,-0.0667,0.42,-45.131,0.462,0.584,-0.1813,2016.2,2016.0,1991.4,1991.5,0.0,1e-04,19.22,5581506508793370496,0.36573652404064777,0.134515000553576
64991,1550603319798721536,199.81621492998,45.0997452722,9.638,2.274,7.0079,0.1456,-144.984,-30.135,0.155,0.196,0.2038,-143.164,-31.501,0.025,0.028,0.2272,-146.756,-30.323,0.858,0.795,-0.0202,2016.0,2016.0,1991.1,1991.1,0.0005,-0.0012,224.2,1550603319798721536,0.365645952547258,1.5435432288096158
213,395581679270412160,0.66732905025,51.47237633413,-5.79,0.133,4.1769,0.0162,41.639,-5.303,0.019,0.018,-0.3715,41.812,-5.289,0.019,0.02,-0.3987,41.894,-5.022,0.673,0.562,-0.2973,2016.2,2016.0,1991.1,1991.2,0.0,-1e-04,50.4,395581679270412160,0.3655824511558131,0.19433263735334347
99783,1830261074369274880,303.6841171593,22.82855918847,-27.625,0.993,5.5048,0.0317,3.358,-4.572,0.033,0.035,-0.1081,3.314,-4.245,0.032,0.03,-0.0351,5.806,-3.551,0.891,0.901,0.2818,2016.3,2016.0,1991.0,1991.2,0.0,0.0,50.41,1830261074369274880,0.3652989582226934,0.2820315564768003
26984,3336058260247773184,85.88484605491,8.75842657372,,,3.1337,0.0302,9.965,3.457,0.046,0.033,-0.1644,8.988,2.171,0.026,0.017,0.0127,11.69,4.499,0.826,0.578,0.0374,2016.2,2016.7,1991.5,1991.8,0.0,0.0,1756.0,3336058260247773184,0.3651800199526703,2.4340992769963177
96302,2032337228412797696,293.71227804329,29.46303217132,-20.092,1.982,5.3741,0.1019,14.908,14.425,0.113,0.123,-0.0395,14.778,17.579,0.011,0.013,-0.2093,15.147,17.646,0.375,0.449,-0.2022,2016.1,2016.1,1991.2,1991.3,0.0,0.0,645.4,2032337228412797696,0.36508623783648353,2.7818306077293005
20282,3254782193219027712,65.2075388555,0.07633467939,15.69,0.49,8.399,0.0283,43.539,22.226,0.037,0.026,-0.1046,42.643,26.778,0.027,0.023,0.3835,44.422,26.112,0.943,0.754,0.3425,2015.9,2016.0,1991.1,1991.1,-1e-04,-1e-04,18760.0,3254782193219027712,0.3647058661965565,2.6195126800927024
40408,901248176387896192,123.73695413014,32.14916672859,15.158,3.587,6.2451,0.0478,-19.706,-15.831,0.058,0.043,-0.1362,-19.741,-15.54,0.04,0.023,-0.195,-21.065,-17.031,1.204,0.84,-0.3102,2016.1,2015.9,1991.5,1991.3,1e-04,0.0,35.1,901248176387896192,0.3646992772912308,0.22433418411049805
76197,5889561732498326400,233.46623911087,-50.09004959564,-2.763,0.707,3.4191,0.1354,-17.007,-17.628,0.154,0.159,-0.3061,-16.628,-18.527,0.028,0.026,-0.309,-15.468,-15.644,0.86,0.956,-0.3784,2016.1,2015.7,1991.2,1991.0,0.0,0.0,31.49,5889561732498326400,0.36364141313338616,1.3511891558195774
46975,5661965368098963584,143.61541289866,-24.53652446694,,,5.1501,0.0321,-22.673,4.044,0.047,0.025,0.5447,-24.008,5.64,0.021,0.017,-0.0739,-22.402,5.007,0.626,0.524,-0.0755,2016.2,2016.6,1991.1,1991.5,0.0,0.0,5423.0,5661965368098963584,0.36353122948766087,1.9149630266691784
60731,1547736137071056384,186.70708470317,51.205786894,22.481,0.137,3.354,0.1227,-77.981,0.596,0.114,0.142,0.3067,-76.762,0.324,0.018,0.017,0.3161,-76.037,-0.209,0.609,0.517,0.2733,2015.9,2015.9,1991.3,1991.3,1e-04,-0.0005,141.9,1547736137071056384,0.3631247531237851,1.7734545081567803
108136,1897350117097544960,328.62552091297,30.2290402929,5.107,0.151,2.3985,0.0224,-2.937,-6.842,0.029,0.031,-0.1556,-3.524,-6.631,0.02,0.026,0.0855,-4.389,-8.013,0.815,0.961,0.1107,2015.9,2016.0,1990.8,1991.0,0.0,0.0,293.7,1897350117097544960,0.36296057441116936,1.2355491500074443
63261,3508521989118519424,194.44727947241,-20.86818111366,28.834,5.767,4.6748,0.0611,-6.369,-6.348,0.097,0.087,-0.2463,-6.965,-7.956,0.032,0.023,-0.1987,-8.114,-11.031,1.12,0.515,-0.1141,2016.1,2015.6,1991.0,1991.6,0.0,0.0,428.2,3508521989118519424,0.3628734577517,1.7369748402213496
49003,826991765253097600,149.95895094775,49.97953364373,37.983,0.13,3.0121,0.0201,-13.921,-8.206,0.024,0.023,-0.1103,-14.092,-8.212,0.024,0.021,-0.2435,-15.324,-7.223,0.795,0.621,-0.2502,2016.1,2016.3,1991.3,1991.0,0.0,0.0,26.33,826991765253097600,0.36221786535268785,0.25943273632339
11370,517211236078963456,36.61393186576,66.54898470218,-54.871,0.146,3.527,0.021,-19.191,10.036,0.02,0.026,-0.3812,-19.175,9.538,0.02,0.026,-0.2685,-19.809,6.936,0.576,0.72,-0.328,2016.3,2016.2,1991.3,1991.1,-1e-04,0.0,203.9,517211236078963456,0.3619896824061502,0.6637317090410205
81093,6051225091725760896,248.45726875578,-22.82619476753,25.17,0.571,13.0144,0.2386,12.809,-4.591,0.384,0.241,0.0284,17.814,3.4,0.051,0.031,-0.159,28.311,12.573,1.77,1.087,-0.0779,2016.1,2016.0,1991.1,1990.9,-1e-04,0.0,1230.0,6051225091725760896,0.3619589985345971,3.433946922103598
6669,290302925506001280,21.39881842263,23.51141313965,-19.182,6.374,13.8537,0.0398,33.486,-22.608,0.047,0.034,0.2042,33.1,-22.812,0.022,0.014,0.0935,32.328,-22.156,0.765,0.439,-0.1075,2016.2,2016.5,1991.1,1990.8,0.0002,-0.0002,74.39,290302925506001280,0.3617755264343696,0.14887463616021604
64671,1564584606577087232,198.83578244957,55.31248339053,-29.616,0.706,7.2134,0.0131,48.427,-95.406,0.02,0.021,0.1349,48.238,-95.454,0.035,0.036,0.1145,47.126,-94.823,1.079,1.103,-0.0266,2016.0,2016.0,1991.1,1991.0,-1e-04,-0.0007,22.38,1564584606577087232,0.36125579706733724,0.12586258043271503
111383,2716901203694102144,338.48837721603,9.20058525179,8.733,1.712,4.1673,0.0466,24.412,-3.94,0.069,0.071,0.2492,22.634,-4.083,0.034,0.025,0.1674,24.533,-2.839,1.144,0.846,0.0628,2016.0,2016.0,1991.3,1991.6,0.0,0.0,542.4,2716901203694102144,0.36109065028595966,2.029799276112113
67032,1558882298758124288,206.05602287562,50.27556023916,-25.209,4.903,7.6848,0.0458,-73.655,9.026,0.061,0.063,0.1346,-73.933,8.983,0.031,0.034,0.2302,-72.668,9.151,1.095,1.098,0.1406,2016.0,2015.8,1991.2,1991.2,-0.0004,-0.0003,16.62,1558882298758124288,0.36084050799574807,0.17155785615598437
63664,1558221904586108928,195.719273366,53.92750134613,2.899,0.166,7.488,0.0177,41.401,-102.549,0.021,0.028,0.2256,43.455,-102.651,0.027,0.029,0.1962,46.402,-102.514,0.928,0.857,0.1629,2016.0,2016.0,1991.3,1991.1,-0.0004,-1e-04,3854.0,1558221904586108928,0.36081798717542257,1.3048237045362794
76846,5881894459959606656,235.36483792431,-58.76361206245,11.614,0.162,3.0726,0.0589,-10.3,1.52,0.086,0.082,-0.1014,-10.495,1.239,0.105,0.065,-0.0578,-10.675,3.752,1.943,2.425,-0.5686,2016.1,2015.9,1991.0,1990.8,0.0,0.0,9.894,5881894459959606656,0.36078040543028145,0.5289821296975049
100779,1816667301021133440,306.50501532418,19.86557201575,-31.198,0.127,5.7856,0.0205,30.495,17.433,0.024,0.026,0.2533,30.963,17.823,0.017,0.015,0.0062,30.978,18.756,0.559,0.477,0.1497,2016.4,2016.3,1991.2,1991.1,0.0002,1e-04,352.2,1816667301021133440,0.3605652278999973,0.49711556399960627
86692,1349043974930861952,265.70284529527,43.16901863733,-21.0,10.7,7.1563,0.034,10.83,7.386,0.059,0.054,0.1804,12.191,3.966,0.041,0.051,0.097,11.954,-0.939,1.032,1.438,0.111,2015.8,2016.1,1991.2,1991.3,0.0,0.0,2768.0,1349043974930861952,0.36039558318456866,2.440728543022684
40814,904221908664746624,124.9482688512,35.2013188204,-12.854,0.125,6.1505,0.0218,8.366,-2.459,0.028,0.021,-0.2086,7.963,-1.984,0.026,0.015,-0.1617,6.488,-3.02,0.88,0.566,-0.1908,2016.2,2016.1,1991.5,1991.2,0.0,0.0,393.9,904221908664746624,0.36035978342722375,0.4789311706940767
55423,3813847503339335936,170.24575042636,4.8804067033,7.527,0.73,10.8844,0.0384,-49.776,-23.997,0.039,0.044,-0.2741,-49.212,-25.391,0.026,0.023,-0.4363,-48.462,-26.548,0.73,0.616,-0.1408,2015.9,2015.5,1991.4,1991.5,1e-04,0.0,808.8,3813847503339335936,0.36022037758570036,0.6551966204831674
12951,5129427047307392640,41.64082996045,-18.04068940551,,,7.0687,0.0474,117.127,46.195,0.073,0.078,-0.2164,117.022,46.438,0.038,0.038,0.4222,115.932,47.004,1.169,1.339,0.5786,2016.2,2016.2,1991.2,1991.5,-1e-04,0.0003,8.883,5129427047307392640,0.3600071939122442,0.17717180313267927
75316,4413962221089958272,230.81477055414,-3.29520491867,-3.941,1.087,4.6102,0.1009,3.612,-11.329,0.141,0.112,-0.0341,-0.579,-8.87,0.049,0.039,-0.3788,2.309,-6.742,1.706,1.478,-0.4128,2016.0,2015.9,1991.0,1991.2,0.0,0.0,1144.0,4413962221089958272,0.35972763857700496,4.994698295381351
103561,6917489002841762304,314.74170649693,-0.42319770634,,,4.248,0.0744,22.621,-4.853,0.114,0.085,0.0816,21.954,-4.39,0.04,0.024,0.3361,23.339,-6.592,1.229,0.589,0.4511,2016.0,2016.0,1991.4,1991.6,0.0,0.0,64.79,6917489002841762304,0.35970266245756577,0.9051446972969502
26997,265077139468979712,85.90928828269,55.32875852867,-52.152,0.159,4.2694,0.0204,32.61,-29.02,0.027,0.025,0.2085,31.608,-32.251,0.02,0.015,0.1268,33.771,-30.874,0.617,0.471,0.1052,2016.3,2016.5,1991.3,1991.8,1e-04,-0.0003,12100.0,265077139468979712,0.35918269131906466,3.750217151777396
106607,1786163653004264704,323.87203190883,18.96711161789,8.0,15.4,9.5582,0.0259,16.471,-25.228,0.039,0.038,-0.1699,16.495,-25.365,0.021,0.02,0.4547,15.419,-25.364,0.679,0.632,0.3143,2016.1,2016.4,1991.4,1991.8,0.0,0.0,10.39,1786163653004264704,0.35906394836874356,0.06972279829856154
7450,2453350744712995584,23.99578551959,-15.40011771265,21.065,0.171,5.3393,0.0747,17.05,14.282,0.098,0.06,0.3246,18.329,14.129,0.018,0.013,0.2615,19.492,13.415,0.555,0.402,0.3979,2015.9,2016.3,1991.2,1991.2,-1e-04,0.0,212.9,2453350744712995584,0.35900028094066694,1.1461650813182813
48616,820430567053631616,148.71808252646,44.69338433699,-6.974,0.153,2.9135,0.0215,11.802,-3.996,0.023,0.024,-0.2218,11.905,-3.644,0.032,0.02,-0.1022,9.671,-3.95,0.866,0.539,-0.0405,2016.0,2016.4,1991.4,1991.0,0.0,0.0,145.1,820430567053631616,0.3585878789577205,0.601736687225543
107287,6396512115538159488,325.97222453653,-68.89876164723,3.277,0.396,2.1141,0.0148,28.888,-7.585,0.017,0.022,-0.237,28.294,-5.581,0.05,0.049,-0.228,29.444,-7.146,1.486,1.424,-0.3285,2015.9,2016.2,1991.2,1991.2,0.0,1e-04,1384.0,6396512115538159488,0.35836610311685746,4.679132319441293
146,2334793601345686784,0.45519694057,-25.80002363995,33.424,3.63,7.5672,0.0992,-130.572,-343.252,0.127,0.102,0.0636,-130.939,-343.477,0.039,0.021,0.0376,-130.404,-342.412,1.51,0.67,-0.1981,2015.9,2015.7,1991.2,1991.5,-0.0005,0.0026,11.52,2334793601345686784,0.3583201960208124,0.2685933437325963
102407,1735942325536366848,311.28646617045,6.02448552133,,,2.7725,0.0339,8.871,8.522,0.049,0.04,0.0391,9.108,8.478,0.029,0.021,0.2222,10.265,8.017,0.995,0.647,0.5066,2016.1,2016.2,1991.4,1991.2,0.0,0.0,18.67,1735942325536366848,0.358180296242501,0.41138034508397125
55427,3817499634290280832,170.26061119809,7.06422302159,9.904,0.337,9.2905,0.0737,23.777,-49.526,0.061,0.06,-0.2398,26.468,-53.391,0.034,0.025,-0.4722,19.996,-57.205,1.044,0.845,-0.3059,2016.1,2015.5,1991.2,1991.2,-1e-04,1e-04,4016.0,3817499634290280832,0.35799931297915266,2.4038738061008167
94179,2035774817119448576,287.58865804209,25.50408341594,,,2.38,0.0168,-6.177,-9.457,0.016,0.023,-0.0752,-6.466,-8.72,0.022,0.035,-0.251,-4.769,-8.286,0.651,1.067,-0.1939,2016.2,2016.1,1990.8,1991.3,0.0,0.0,361.1,2035774817119448576,0.3579229123796034,1.5715800164859026
40210,1138957195834520448,123.18596124824,79.22100397487,,,2.1359,0.0672,-6.768,-10.912,0.083,0.109,0.0472,-4.611,-11.238,0.03,0.029,-0.0219,-2.948,-11.621,0.909,0.896,0.1454,2016.0,2016.2,1991.2,1991.3,0.0,0.0,608.2,1138957195834520448,0.35783274669942633,4.851334453679267
19038,53164002842376832,61.17423506942,22.08168214145,9.52,0.11,17.6194,0.1853,93.067,-58.496,0.768,0.311,-0.8243,91.019,-57.913,0.023,0.015,0.0783,91.032,-58.848,0.611,0.516,0.1423,2015.5,2015.2,1991.4,1991.3,-0.0005,0.0,7.428,53164002842376832,0.35775430761461985,0.5724623055942357
78036,5833134761396419840,239.00934222977,-60.06140085055,,,3.0365,0.2017,-9.07,-10.415,0.283,0.299,-0.0368,-9.264,-11.407,0.035,0.031,-0.2804,-10.399,-12.659,1.052,1.164,-0.1161,2016.1,2015.8,1990.8,1990.8,0.0,0.0,11.54,5833134761396419840,0.3575631609867382,1.5781957094809629
24298,3395487142902571008,78.21423025272,18.15470672893,-71.315,4.29,11.2289,0.0677,-10.516,-47.319,0.097,0.077,0.0085,-10.842,-47.353,0.046,0.026,0.1047,-10.966,-46.682,1.667,0.825,0.1535,2016.0,2016.2,1991.2,1990.9,-0.0002,-0.001,9.352,3395487142902571008,0.3574784844172945,0.13646853123813457
36735,5267978637828753152,113.34078952009,-68.76857432523,,,6.0709,0.0215,-4.672,-10.883,0.041,0.039,0.0695,-4.828,-10.899,0.015,0.014,-0.1179,-5.153,-11.322,0.479,0.434,-0.2687,2015.8,2016.0,1991.2,1991.2,0.0,0.0,12.81,5267978637828753152,0.35716359088445887,0.11934633913155726
83251,6028358239261500288,255.23331516788,-31.77796127035,90.559,0.379,12.7637,0.3878,20.421,-68.834,0.643,0.438,-0.0099,24.138,-68.466,0.048,0.036,-0.1614,20.998,-68.831,1.742,1.626,-0.6313,2016.1,2016.2,1991.1,1991.1,-0.0006,0.0021,34.06,6028358239261500288,0.35702269072838455,1.386648044122161
24847,3215185309169853568,79.89702256913,-1.4118975719,29.4,2.1,2.7569,0.1031,-0.95,2.989,0.124,0.088,0.0966,1.559,-0.252,0.023,0.015,-0.1096,0.827,1.268,0.732,0.426,-0.0653,2016.1,2016.5,1991.4,1991.3,0.0,0.0,1856.0,3215185309169853568,0.35698082078635085,7.048703210760112
25848,3416165413271907072,82.76830257846,23.20948945085,17.493,2.271,9.1814,0.018,5.255,-36.735,0.025,0.017,0.0104,5.607,-38.015,0.047,0.025,0.0636,9.444,-38.492,1.483,0.709,0.2067,2016.0,2016.4,1991.2,1991.0,0.0,0.0002,1881.0,3416165413271907072,0.35678407124700706,0.683925680314288
18813,5094142482222743936,60.46708283565,-20.47503495031,4.667,0.2,7.6383,0.0267,25.518,7.064,0.028,0.032,-0.7028,24.769,5.622,0.024,0.025,0.0346,23.872,2.13,0.725,0.859,0.1798,2016.0,2016.1,1991.4,1991.1,0.0,0.0,2771.0,5094142482222743936,0.3567803584167623,1.0061834480327643
19219,163824934735578624,61.79070233644,27.50889596608,-15.714,0.367,18.2175,0.1071,-78.196,-89.943,0.168,0.094,-0.0732,-85.83,-77.402,0.056,0.041,0.4061,-104.661,-78.693,1.78,1.452,0.3875,2016.0,2015.5,1991.1,1990.9,-0.0004,-0.0008,16740.0,163824934735578624,0.3565802186213449,3.8207661988889097
82385,1306444152826835968,252.5170695532,26.20917610412,-21.387,0.16,4.7836,0.0177,13.682,6.207,0.019,0.024,0.1502,13.738,6.1,0.014,0.018,0.0132,13.747,6.508,0.462,0.62,-0.0811,2016.0,2016.2,1991.4,1991.1,0.0,0.0,19.72,1306444152826835968,0.35614038027849815,0.12312409914347211
5370,533245311067368064,17.17036961666,70.68148359034,7.5,7.7,3.7915,0.048,5.272,-12.895,0.069,0.071,-0.1408,5.31,-12.604,0.015,0.017,-0.1491,5.964,-12.63,0.507,0.577,-0.1389,2016.3,2016.0,1991.3,1991.3,0.0,0.0,16.9,533245311067368064,0.3560954018144596,0.370638467345443
25227,3014986300704795520,80.93181051052,-8.28959968956,19.4,1.1,7.0268,0.0302,-0.589,-2.417,0.037,0.029,-0.1662,-0.905,-2.255,0.025,0.02,0.1384,-1.923,-1.362,0.758,0.591,-0.1157,2016.3,2016.5,1991.1,1991.2,0.0,0.0,67.15,3014986300704795520,0.3558400929727682,0.2373396112978461
51966,3762120497774235648,159.24966629336,-8.8401277554,24.991,2.616,26.3036,0.4013,-71.48,-59.266,0.678,0.704,-0.3212,-90.597,-52.966,0.043,0.036,-0.3828,-101.526,-73.636,1.111,1.107,-0.4448,2016.2,2016.0,1991.5,1991.7,0.0012,0.001,791.6,3762120497774235648,0.35581831031704964,3.626759092853527
53175,3807826646385182976,163.1646615427,0.48373685595,14.451,0.257,25.4097,0.0216,-91.298,-30.86,0.032,0.026,-0.1922,-90.702,-30.685,0.071,0.04,-0.3295,-91.678,-36.057,2.43,1.626,-0.3065,2016.2,2016.2,1991.0,1991.5,0.0009,0.0003,97.09,3807826646385182976,0.3555034219849659,0.11703744159146887
7217,290192458947088256,23.2389860912,23.69493304764,-53.66,0.11,14.8514,0.0221,-205.707,-161.241,0.029,0.02,0.2214,-205.813,-161.523,0.039,0.024,0.1875,-203.987,-161.463,1.371,0.865,0.2164,2016.2,2016.6,1991.0,1990.7,-0.0033,-0.0046,79.73,290192458947088256,0.3554604805386387,0.09720075961828066
14160,541351975937669120,45.64423295842,69.2287244659,-43.878,0.142,3.3836,0.017,-29.678,3.399,0.018,0.021,-0.0733,-29.595,3.37,0.02,0.025,-0.1967,-29.959,4.859,0.638,0.824,-0.181,2016.4,2016.2,1991.2,1991.2,-1e-04,-1e-04,9.698,541351975937669120,0.35526788568536893,0.1200652334363511
87222,4552637128714041088,267.29892693931,20.19744063022,-22.958,0.735,9.5588,0.2414,-34.248,44.364,0.297,0.349,0.0713,-25.245,41.818,0.025,0.026,-0.0472,-21.418,47.995,0.853,0.782,-0.0646,2016.2,2016.2,1991.2,1991.0,-0.0002,0.0002,1000.0,4552637128714041088,0.3546286465883154,4.640184725168156
56862,5236523877939131008,174.87287105803,-65.39777997851,-1.691,3.367,8.3972,0.5075,-29.762,5.783,0.768,0.69,0.2759,-36.116,-4.539,0.032,0.034,0.0782,-29.027,-7.164,0.637,0.585,0.1203,2016.2,2015.8,1991.3,1991.4,0.0,1e-04,157.9,5236523877939131008,0.3543502873377026,6.840778536767361
106367,6400634352132230528,323.15401698226,-65.81136670835,4.608,0.228,3.2644,0.0223,7.023,-9.317,0.023,0.029,-0.263,8.56,-11.285,0.02,0.024,-0.2377,8.794,-12.243,0.642,0.797,-0.3629,2015.9,2016.1,1991.4,1991.2,0.0,0.0,4286.0,6400634352132230528,0.3543236893703253,3.6301937538956297
53765,3789596743596878976,165.00883815848,-3.47112837723,57.2,0.3,18.0032,0.0273,62.318,42.042,0.04,0.034,-0.0716,62.799,41.563,0.062,0.036,-0.3183,64.895,39.691,2.224,1.11,0.3257,2016.3,2016.1,1991.5,1991.3,-0.0016,-0.0011,114.5,3789596743596878976,0.35418669658997953,0.17914370930553394
104465,6885954008629090560,317.42476903644,-12.63192778253,,,4.7247,0.0543,5.376,-11.719,0.087,0.065,0.0489,6.691,-14.265,0.052,0.025,0.3286,4.261,-14.04,1.955,0.668,0.5806,2016.2,2016.2,1991.3,1991.7,0.0,0.0,1637.0,6885954008629090560,0.3540594392094188,2.877303684092959
61287,1569243065546593152,188.38268094406,52.35240290548,-15.102,0.45,3.494,0.0337,-4.479,31.484,0.033,0.04,0.1395,-4.127,31.196,0.087,0.086,0.1476,-3.616,33.805,2.703,2.384,0.1095,2015.9,2015.9,1991.2,1991.2,0.0,0.0,27.54,1569243065546593152,0.35390886381472664,0.6242571550225414
44662,5296892288953455360,136.51778293088,-64.06484714997,13.459,3.367,7.4894,0.0424,106.74,-62.979,0.072,0.074,0.0562,106.322,-64.255,0.049,0.052,-0.011,108.005,-67.319,1.263,1.438,-0.2806,2015.8,2015.9,1991.2,1991.3,0.0005,0.0016,218.1,5296892288953455360,0.35390003205945475,0.8460448224847711
11335,5130054731008660864,36.46604843339,-20.23673015584,19.756,3.176,6.4582,0.151,109.635,-95.968,0.148,0.135,0.1842,109.707,-94.918,0.039,0.031,0.2094,109.64,-94.557,1.295,0.95,0.3845,2015.7,2016.2,1991.0,1991.2,-1e-04,0.0006,58.32,5130054731008660864,0.3536218262183241,0.7734310125906745
84999,4059082886146557056,260.60257329862,-30.20457189465,-16.436,0.231,14.1509,0.0332,45.502,-88.234,0.049,0.033,0.0923,44.401,-91.244,0.048,0.027,0.0009,46.713,-90.576,1.496,0.788,-0.131,2016.1,2016.3,1991.0,1990.8,0.0004,-0.0005,5158.0,4059082886146557056,0.3533207533663777,1.0744375931367574
24377,3233668443231050112,78.44691014035,0.56032555801,-4.214,0.876,2.9431,0.261,1.868,-19.5,0.332,0.208,-0.0071,5.763,-20.114,0.038,0.027,0.1707,8.404,-17.269,1.197,0.976,0.4738,2016.2,2016.4,1991.2,1991.0,0.0,0.0,144.0,3233668443231050112,0.3529424360468235,6.358325122693328
